Vendor,GRAPHTEC Corporation
Model,GL860
Firmware,Ver1.07
Software,"Ver1.11"
MaxChannel,30CH
GSStartCH,30CH
WLStartCH,30CH
RTStartCH,30CH
WLUnit,
RTUnit,
RTMaxCh,
Sampling,1s
Total data points,670
Trigger,0
Start time,10/09/2026,14:53:39
Stop time,10/09/2026,15:04:48
Trigger time,10/09/2026,14:53:39
AC Mode,
Logic/Pulse,Off
Amp setting
CH,Signal name,AMP,Input,Range,Temp Range,Filter,Span,,Unit
CH1,U_alim,SL3,DC,50V,,Off,0.100000,-0.100000,V
CH2,I_spcC1,SL3,DC,200mV,,Off,500.000000,-500.000000,mA
CH3,CH3,SL3,DC,200mV,,Off,25.000000,-25.000000,mA
CH4,I_spc3,SL3,DC,200mV,,Off,50.000000,-50.000000,mA
CH5,CH5,SL3,DC,200mV,,Off,100.000000,-100.000000,mA
CH6,I_LH5,SL3,DC,200mV,,Off,25.000000,-25.000000,mA
CH7,CH7,SL3,DC,200mV,,Off,100.000000,-100.000000,mA
CH8,I_LB5,SL3,DC,50V,,Off,0.025000,-0.025000,V
CH11,I_LH7,SL3,DC,200mV,,Off,500.000000,-500.000000,mA
CH13,I_LB7,SL3,DC,100mV,,Off,666.700000,-666.700000,mA
Data
No.,Date&Time,ms,CH1,CH2,CH3,CH4,CH5,CH6,CH7,CH8,CH11,CH13,Alarm1,Alarm2,Alarm3
NO.,Time,ms,V,mA,mA,mA,mA,mA,mA,V,mA,mA,A1234567890,A1234567890,A1234567890
1,2026/09/10 14:53:39,0,+36.47,+161.18,+63.98,+0.04,+164.97,+62.87,+160.90,+36.17,+3.90,+8.68,LLLLLLLLLL,LLLLLLLLLL,LLLLLLLLLL
2,2026/09/10 14:53:40,0,+36.54,+157.24,+63.67,+0.03,+161.18,+63.03,+160.59,+36.26,+3.90,+8.61,LLLLLLLLLL,LLLLLLLLLL,LLLLLLLLLL
3,2026/09/10 14:53:41,0,+36.45,+159.35,+63.94,+0.03,+163.38,+63.29,+160.12,+35.89,+3.93,+8.72,LLLLLLLLLL,LLLLLLLLLL,LLLLLLLLLL
4,2026/09/10 14:53:42,0,+36.43,+159.69,+64.75,+0.02,+164.32,+62.07,+160.40,+36.30,+3.94,+8.84,LLLLLLLLLL,LLLLLLLLLL,LLLLLLLLLL
5,2026/09/10 14:53:43,0,+36.07,+158.65,+63.04,+0.04,+163.66,+63.59,+160.80,+36.19,+3.89,+8.86,LLLLLLLLLL,LLLLLLLLLL,LLLLLLLLLL
6,2026/09/10 14:53:44,0,+36.31,+161.03,+63.66,+0.03,+163.85,+63.03,+162.37,+35.59,+3.91,+8.61,LLLLLLLLLL,LLLLLLLLLL,LLLLLLLLLL
7,2026/09/10 14:53:45,0,+36.36,+159.98,+63.51,+0.02,+162.61,+63.30,+162.49,+35.97,+3.95,+8.67,LLLLLLLLLL,LLLLLLLLLL,LLLLLLLLLL
8,2026/09/10 14:53:46,0,+36.99,+159.70,+63.92,+0.05,+162.67,+63.07,+161.79,+36.15,+3.89,+8.75,LLLLLLLLLL,LLLLLLLLLL,LLLLLLLLLL
9,2026/09/10 14:53:47,0,+36.16,+159.16,+63.23,+0.02,+162.24,+62.79,+162.86,+35.69,+3.88,+8.68,LLLLLLLLLL,LLLLLLLLLL,LLLLLLLLLL
10,2026/09/10 14:53:48,0,+36.55,+160.06,+63.73,+0.03,+163.72,+63.60,+163.17,+36.06,+3.88,+8.63,LLLLLLLLLL,LLLLLLLLLL,LLLLLLLLLL
11,2026/09/10 14:53:49,0,+36.72,+159.21,+64.24,+0.03,+164.77,+63.84,+164.31,+49.83,+3.87,+8.75,LLLLLLLLLL,LLLLLLLLLL,LLLLLLLLLL
12,2026/09/10 14:53:50,0,+36.59,+158.55,+64.50,+0.03,+163.85,+63.89,+159.91,+49.62,+3.91,+8.64,LLLLLLLLLL,LLLLLLLLLL,LLLLLLLLLL
13,2026/09/10 14:53:51,0,+36.21,+158.97,+63.78,+0.01,+161.92,+63.45,+162.19,+36.49,+3.96,+8.70,LLLLLLLLLL,LLLLLLLLLL,LLLLLLLLLL
14,2026/09/10 14:53:52,0,+36.49,+158.62,+62.94,+0.05,+162.03,+62.66,+162.16,+36.27,+3.88,+8.73,LLLLLLLLLL,LLLLLLLLLL,LLLLLLLLLL
15,2026/09/10 14:53:53,0,+35.73,+159.52,+64.09,+0.03,+161.67,+63.01,+161.62,+36.00,+3.93,+8.69,LLLLLLLLLL,LLLLLLLLLL,LLLLLLLLLL
16,2026/09/10 14:53:54,0,+36.83,+160.71,+62.72,+0.04,+161.71,+62.82,+160.47,+36.43,+3.94,+8.61,LLLLLLLLLL,LLLLLLLLLL,LLLLLLLLLL
17,2026/09/10 14:53:55,0,+36.66,+157.78,+62.55,+0.02,+163.37,+62.99,+162.21,+36.60,+3.96,+8.67,LLLLLLLLLL,LLLLLLLLLL,LLLLLLLLLL
18,2026/09/10 14:53:56,0,+36.21,+159.82,+63.16,+0.02,+161.74,+62.55,+163.49,+35.84,+3.93,+8.72,LLLLLLLLLL,LLLLLLLLLL,LLLLLLLLLL
19,2026/09/10 14:53:57,0,+36.83,+162.44,+63.05,+0.03,+162.30,+63.92,+163.17,+36.53,+3.91,+8.65,LLLLLLLLLL,LLLLLLLLLL,LLLLLLLLLL
20,2026/09/10 14:53:58,0,+36.47,+160.22,+63.65,+0.03,+164.32,+63.23,+163.06,+36.41,+3.88,+8.70,LLLLLLLLLL,LLLLLLLLLL,LLLLLLLLLL
21,2026/09/10 14:53:59,0,+36.63,+159.89,+64.05,+0.05,+162.73,+62.86,+161.34,+36.38,+3.87,+8.72,LLLLLLLLLL,LLLLLLLLLL,LLLLLLLLLL
22,2026/09/10 14:54:00,0,+36.54,+161.63,+63.77,+0.04,+162.86,+63.50,+158.29,+36.58,+3.91,+8.74,LLLLLLLLLL,LLLLLLLLLL,LLLLLLLLLL
23,2026/09/10 14:54:01,0,+36.41,+156.95,+62.63,+0.02,+163.04,+63.01,+161.28,+36.83,+3.92,+8.67,LLLLLLLLLL,LLLLLLLLLL,LLLLLLLLLL
24,2026/09/10 14:54:02,0,+36.33,+161.69,+62.80,+0.05,+163.71,+63.23,+160.52,+36.38,+3.83,+8.61,LLLLLLLLLL,LLLLLLLLLL,LLLLLLLLLL
25,2026/09/10 14:54:03,0,+36.90,+158.62,+63.45,+0.01,+162.72,+62.78,+164.06,+36.37,+3.93,+8.70,LLLLLLLLLL,LLLLLLLLLL,LLLLLLLLLL
26,2026/09/10 14:54:04,0,+36.49,+160.06,+63.51,+0.03,+160.58,+62.74,+161.35,+36.07,+3.85,+8.65,LLLLLLLLLL,LLLLLLLLLL,LLLLLLLLLL
27,2026/09/10 14:54:05,0,+36.35,+157.99,+63.95,+0.01,+163.09,+63.72,+160.85,+36.00,+3.93,+8.59,LLLLLLLLLL,LLLLLLLLLL,LLLLLLLLLL
28,2026/09/10 14:54:06,0,+36.44,+157.82,+63.93,+0.04,+162.40,+63.53,+161.30,+36.42,+3.89,+8.56,LLLLLLLLLL,LLLLLLLLLL,LLLLLLLLLL
29,2026/09/10 14:54:07,0,+36.62,+159.26,+63.79,+0.02,+165.41,+63.86,+161.91,+35.97,+3.92,+8.70,LLLLLLLLLL,LLLLLLLLLL,LLLLLLLLLL
30,2026/09/10 14:54:08,0,+36.58,+159.77,+63.06,+0.02,+161.55,+63.07,+161.15,+36.55,+3.93,+8.57,LLLLLLLLLL,LLLLLLLLLL,LLLLLLLLLL
31,2026/09/10 14:54:09,0,+36.79,+159.92,+62.13,+0.03,+163.93,+63.20,+161.19,+36.00,+3.92,+8.78,LLLLLLLLLL,LLLLLLLLLL,LLLLLLLLLL
32,2026/09/10 14:54:10,0,+36.65,+161.27,+62.91,+0.03,+162.86,+63.48,+162.54,+36.74,+3.88,+8.63,LLLLLLLLLL,LLLLLLLLLL,LLLLLLLLLL
33,2026/09/10 14:54:11,0,+36.58,+157.17,+64.17,+0.02,+166.19,+62.92,+159.11,+36.35,+3.96,+8.54,LLLLLLLLLL,LLLLLLLLLL,LLLLLLLLLL
34,2026/09/10 14:54:12,0,+36.64,+159.31,+64.83,+0.03,+163.89,+62.61,+162.05,+36.14,+3.89,+8.79,LLLLLLLLLL,LLLLLLLLLL,LLLLLLLLLL
35,2026/09/10 14:54:13,0,+36.73,+157.60,+62.62,+0.03,+165.28,+63.46,+160.68,+35.81,+3.87,+8.66,LLLLLLLLLL,LLLLLLLLLL,LLLLLLLLLL
36,2026/09/10 14:54:14,0,+36.11,+159.65,+62.83,+0.03,+159.82,+62.98,+162.63,+35.79,+3.92,+8.68,LLLLLLLLLL,LLLLLLLLLL,LLLLLLLLLL
37,2026/09/10 14:54:15,0,+36.42,+162.34,+64.32,+0.02,+163.00,+63.11,+161.08,+36.33,+3.87,+8.60,LLLLLLLLLL,LLLLLLLLLL,LLLLLLLLLL
38,2026/09/10 14:54:16,0,+36.13,+161.28,+63.57,+0.03,+162.29,+63.95,+160.34,+36.57,+3.85,+8.76,LLLLLLLLLL,LLLLLLLLLL,LLLLLLLLLL
39,2026/09/10 14:54:17,0,+36.29,+158.29,+63.98,+0.02,+164.15,+62.95,+161.51,+35.73,+3.87,+8.65,LLLLLLLLLL,LLLLLLLLLL,LLLLLLLLLL
40,2026/09/10 14:54:18,0,+36.48,+159.80,+62.91,+0.03,+163.65,+63.39,+160.46,+36.42,+3.90,+8.52,LLLLLLLLLL,LLLLLLLLLL,LLLLLLLLLL
41,2026/09/10 14:54:19,0,+36.46,+158.92,+63.50,+0.01,+163.97,+63.19,+163.01,+36.31,+3.87,+8.65,LLLLLLLLLL,LLLLLLLLLL,LLLLLLLLLL
42,2026/09/10 14:54:20,0,+36.41,+161.65,+64.45,+0.02,+163.18,+63.28,+161.65,+36.56,+3.89,+8.72,LLLLLLLLLL,LLLLLLLLLL,LLLLLLLLLL
43,2026/09/10 14:54:21,0,+36.39,+160.47,+63.45,+0.01,+164.40,+62.39,+159.92,+36.40,+3.81,+8.61,LLLLLLLLLL,LLLLLLLLLL,LLLLLLLLLL
44,2026/09/10 14:54:22,0,+36.17,+158.12,+63.50,+0.01,+163.23,+63.48,+160.40,+36.38,+3.95,+8.56,LLLLLLLLLL,LLLLLLLLLL,LLLLLLLLLL
45,2026/09/10 14:54:23,0,+36.26,+160.03,+63.92,+0.03,+162.43,+64.02,+161.07,+36.25,+3.90,+8.65,LLLLLLLLLL,LLLLLLLLLL,LLLLLLLLLL
46,2026/09/10 14:54:24,0,+35.95,+159.93,+64.31,+0.03,+163.30,+63.90,+161.02,+36.28,+3.87,+8.82,LLLLLLLLLL,LLLLLLLLLL,LLLLLLLLLL
47,2026/09/10 14:54:25,0,+36.33,+160.02,+63.80,+0.04,+164.74,+63.14,+161.48,+36.10,+3.95,+8.78,LLLLLLLLLL,LLLLLLLLLL,LLLLLLLLLL
48,2026/09/10 14:54:26,0,+36.46,+159.81,+63.75,+0.03,+163.84,+64.18,+159.42,+35.98,+3.84,+8.77,LLLLLLLLLL,LLLLLLLLLL,LLLLLLLLLL
49,2026/09/10 14:54:27,0,+28.03,+124.13,+48.53,+0.01,+126.00,+49.22,+126.35,+27.78,+2.96,+6.75,LLLLLLLLLL,LLLLLLLLLL,LLLLLLLLLL
50,2026/09/10 14:54:28,0,+28.32,+123.68,+49.26,+0.02,+126.24,+48.57,+123.37,+27.61,+2.98,+6.66,LLLLLLLLLL,LLLLLLLLLL,LLLLLLLLLL
51,2026/09/10 14:54:29,0,+28.36,+123.05,+49.17,+0.02,+125.83,+49.42,+122.99,+27.69,+2.97,+6.63,LLLLLLLLLL,LLLLLLLLLL,LLLLLLLLLL
52,2026/09/10 14:54:30,0,+28.00,+122.33,+49.28,+0.01,-498.95,+48.57,+122.68,+28.09,+2.98,+6.69,LLLLLLLLLL,LLLLLLLLLL,LLLLLLLLLL
53,2026/09/10 14:54:31,0,+27.96,+122.73,+49.39,+0.02,-499.92,+48.86,+122.72,+27.55,+3.02,+6.73,LLLLLLLLLL,LLLLLLLLLL,LLLLLLLLLL
54,2026/09/10 14:54:32,0,+28.55,+122.28,+49.41,+0.03,-496.16,+49.36,+124.96,+27.79,+3.04,+6.58,LLLLLLLLLL,LLLLLLLLLL,LLLLLLLLLL
55,2026/09/10 14:54:33,0,+28.07,+121.80,+49.13,+0.02,+122.46,+48.37,+123.42,+27.41,+3.04,+6.65,LLLLLLLLLL,LLLLLLLLLL,LLLLLLLLLL
56,2026/09/10 14:54:34,0,+27.98,+121.34,+48.53,+0.01,+126.43,+48.58,+122.18,+27.74,+3.06,+6.78,LLLLLLLLLL,LLLLLLLLLL,LLLLLLLLLL
57,2026/09/10 14:54:35,0,+28.16,+123.31,+49.30,+0.01,+124.14,+47.84,+123.37,+28.20,+2.97,+6.73,LLLLLLLLLL,LLLLLLLLLL,LLLLLLLLLL
58,2026/09/10 14:54:36,0,+28.38,+124.46,+49.45,+0.02,+124.04,+48.35,+124.36,+27.83,+3.02,+6.75,LLLLLLLLLL,LLLLLLLLLL,LLLLLLLLLL
59,2026/09/10 14:54:37,0,+28.27,+123.31,+49.05,-0.00,+125.77,+48.90,+++++++,+27.51,+2.97,+6.48,LLLLLLLLLL,LLLLLLLLLL,LLLLLLLLLL
60,2026/09/10 14:54:38,0,+28.22,+121.54,+48.70,+0.01,+125.35,+48.64,+122.33,+27.77,+2.97,+6.69,LLLLLLLLLL,LLLLLLLLLL,LLLLLLLLLL
61,2026/09/10 14:54:39,0,+19.65,+84.81,+34.45,+0.02,+88.14,+34.36,+83.78,+19.40,+2.04,+4.68,LLLLLLLLLL,LLLLLLLLLL,LLLLLLLLLL
62,2026/09/10 14:54:40,0,+19.55,+86.89,+33.93,+0.01,+86.54,+33.07,+85.34,+19.34,+2.16,+4.58,LLLLLLLLLL,LLLLLLLLLL,LLLLLLLLLL
63,2026/09/10 14:54:41,0,+20.38,+85.17,+33.83,+0.02,+88.40,+34.22,+89.23,+19.59,+2.15,+4.70,LLLLLLLLLL,LLLLLLLLLL,LLLLLLLLLL
64,2026/09/10 14:54:42,0,+18.99,+85.84,+34.28,-0.01,+87.22,+33.63,+83.90,+19.36,+2.19,+4.76,LLLLLLLLLL,LLLLLLLLLL,LLLLLLLLLL
65,2026/09/10 14:54:43,0,+19.56,+85.56,+34.27,+0.02,+89.39,+34.48,+85.36,+19.52,+2.13,+4.65,LLLLLLLLLL,LLLLLLLLLL,LLLLLLLLLL
66,2026/09/10 14:54:44,0,+19.71,+84.22,+33.82,+0.01,+87.24,+33.56,+87.04,+19.25,+2.12,+4.71,LLLLLLLLLL,LLLLLLLLLL,LLLLLLLLLL
67,2026/09/10 14:54:45,0,+19.52,+86.59,+34.53,+0.02,+88.42,+34.50,+89.77,+19.69,+2.08,+4.64,LLLLLLLLLL,LLLLLLLLLL,LLLLLLLLLL
68,2026/09/10 14:54:46,0,+19.38,+85.31,+34.42,+0.03,+86.87,+33.33,+86.21,+19.96,+2.15,+4.70,LLLLLLLLLL,LLLLLLLLLL,LLLLLLLLLL
69,2026/09/10 14:54:47,0,+19.46,+84.11,+33.73,+0.02,+90.30,+34.20,+87.18,+19.35,+2.12,+4.52,LLLLLLLLLL,LLLLLLLLLL,LLLLLLLLLL
70,2026/09/10 14:54:48,0,+19.49,+86.11,+34.53,+0.01,+87.67,+34.05,+88.37,+19.46,+2.05,+4.61,LLLLLLLLLL,LLLLLLLLLL,LLLLLLLLLL
71,2026/09/10 14:54:49,0,+19.87,+85.97,+34.01,+0.03,+88.19,+34.15,+85.53,+19.55,+2.10,+4.61,LLLLLLLLLL,LLLLLLLLLL,LLLLLLLLLL
72,2026/09/10 14:54:50,0,+19.63,+88.00,+34.81,+0.01,+88.94,+33.93,+88.87,+19.49,+2.05,+4.65,LLLLLLLLLL,LLLLLLLLLL,LLLLLLLLLL
73,2026/09/10 14:54:51,0,+19.55,+85.88,+198.89,+0.01,+87.49,+34.43,+85.63,+19.64,+2.11,+4.59,LLLLLLLLLL,LLLLLLLLLL,LLLLLLLLLL
74,2026/09/10 14:54:52,0,+19.76,+83.35,+197.10,+0.01,+90.78,+34.18,+87.69,+19.73,+2.14,+4.73,LLLLLLLLLL,LLLLLLLLLL,LLLLLLLLLL
75,2026/09/10 14:54:53,0,+19.15,+87.62,+34.27,+0.01,+89.05,+34.12,+90.07,+19.07,+2.09,+4.76,LLLLLLLLLL,LLLLLLLLLL,LLLLLLLLLL
76,2026/09/10 14:54:54,0,+19.53,+++++++,+34.26,+0.00,+86.13,+34.08,+85.95,+19.58,+2.07,+4.71,LLLLLLLLLL,LLLLLLLLLL,LLLLLLLLLL
77,2026/09/10 14:54:55,0,+19.41,+85.05,+35.17,+0.00,+88.37,+33.49,+86.67,+19.54,+2.18,+4.70,LLLLLLLLLL,LLLLLLLLLL,LLLLLLLLLL
78,2026/09/10 14:54:56,0,+19.56,+88.89,+34.67,+0.03,+88.70,+34.18,+86.24,+19.91,+2.11,+4.68,LLLLLLLLLL,LLLLLLLLLL,LLLLLLLLLL
79,2026/09/10 14:54:57,0,+19.31,+85.42,+34.39,+0.03,+88.74,+33.61,+86.65,+19.50,+2.12,+4.76,LLLLLLLLLL,LLLLLLLLLL,LLLLLLLLLL
80,2026/09/10 14:54:58,0,+19.90,+87.77,+34.26,+0.01,+86.53,+34.53,+86.21,+19.23,+2.11,+4.58,LLLLLLLLLL,LLLLLLLLLL,LLLLLLLLLL
81,2026/09/10 14:54:59,0,+19.39,+86.20,+34.72,+0.02,+87.55,+33.89,+87.68,+19.89,+2.14,+4.50,LLLLLLLLLL,LLLLLLLLLL,LLLLLLLLLL
82,2026/09/10 14:55:00,0,+19.25,+87.81,+33.57,+0.01,-497.75,+34.00,+86.92,+19.84,+2.13,+4.57,LLLLLLLLLL,LLLLLLLLLL,LLLLLLLLLL
83,2026/09/10 14:55:01,0,+19.53,+85.08,+34.68,+0.01,-494.30,+34.50,+87.21,+19.79,+2.09,+4.62,LLLLLLLLLL,LLLLLLLLLL,LLLLLLLLLL
84,2026/09/10 14:55:02,0,+19.54,+85.70,+34.02,+0.02,+86.67,+33.80,+86.68,+19.88,+2.03,+4.68,LLLLLLLLLL,LLLLLLLLLL,LLLLLLLLLL
85,2026/09/10 14:55:03,0,+19.74,+85.49,+33.67,+0.01,+86.71,+33.82,+86.68,+19.24,+2.08,+4.73,LLLLLLLLLL,LLLLLLLLLL,LLLLLLLLLL
86,2026/09/10 14:55:04,0,+20.05,+84.44,+34.31,+0.02,+86.98,+34.05,+86.91,+19.22,+2.10,+4.65,LLLLLLLLLL,LLLLLLLLLL,LLLLLLLLLL
87,2026/09/10 14:55:05,0,+19.66,+84.66,+34.05,+0.01,+85.42,+34.56,+86.84,+19.63,+2.14,+4.61,LLLLLLLLLL,LLLLLLLLLL,LLLLLLLLLL
88,2026/09/10 14:55:06,0,+19.81,+83.69,+34.67,+0.02,+86.66,+34.46,+86.36,+19.45,+2.16,+4.66,LLLLLLLLLL,LLLLLLLLLL,LLLLLLLLLL
89,2026/09/10 14:55:07,0,+19.46,+86.94,+34.12,+0.01,+88.31,+34.27,+87.71,+19.14,+2.09,+4.74,LLLLLLLLLL,LLLLLLLLLL,LLLLLLLLLL
90,2026/09/10 14:55:08,0,+19.28,+87.10,+34.68,+0.02,+89.24,+33.30,+86.58,+19.44,+2.18,+4.65,LLLLLLLLLL,LLLLLLLLLL,LLLLLLLLLL
91,2026/09/10 14:55:09,0,+19.80,+87.34,+34.51,+0.00,+87.34,+34.53,+87.48,+19.76,+2.12,+4.63,LLLLLLLLLL,LLLLLLLLLL,LLLLLLLLLL
92,2026/09/10 14:55:10,0,+20.13,+85.25,+33.99,+0.00,+87.99,+33.59,+87.27,+18.82,+2.11,+4.75,LLLLLLLLLL,LLLLLLLLLL,LLLLLLLLLL
93,2026/09/10 14:55:11,0,+19.53,+84.16,+33.85,+0.02,+87.76,+34.11,+88.80,+19.67,+2.11,+4.82,LLLLLLLLLL,LLLLLLLLLL,LLLLLLLLLL
94,2026/09/10 14:55:12,0,+19.58,+84.60,+34.61,+0.02,+87.51,+34.81,+85.30,+18.98,+2.13,+4.69,LLLLLLLLLL,LLLLLLLLLL,LLLLLLLLLL
95,2026/09/10 14:55:13,0,+19.91,+86.45,+34.45,+0.01,+86.39,+33.70,+86.86,+19.44,+2.10,+4.61,LLLLLLLLLL,LLLLLLLLLL,LLLLLLLLLL
96,2026/09/10 14:55:14,0,+19.85,+85.34,+34.07,+0.02,+86.18,+34.49,+87.29,+19.43,+2.10,+4.61,LLLLLLLLLL,LLLLLLLLLL,LLLLLLLLLL
97,2026/09/10 14:55:15,0,+19.53,+84.42,+34.64,+0.00,+89.36,+33.96,+87.78,+19.31,+2.14,+4.79,LLLLLLLLLL,LLLLLLLLLL,LLLLLLLLLL
98,2026/09/10 14:55:16,0,+20.01,+87.85,+33.90,+0.02,+87.70,+33.29,+86.26,+19.49,+2.15,+4.73,LLLLLLLLLL,LLLLLLLLLL,LLLLLLLLLL
99,2026/09/10 14:55:17,0,+19.40,+84.99,+34.24,+0.01,+88.66,+34.47,+88.28,+19.94,+2.10,+4.70,LLLLLLLLLL,LLLLLLLLLL,LLLLLLLLLL
100,2026/09/10 14:55:18,0,+19.69,+87.78,+33.82,+0.01,+87.87,+33.93,+84.31,+19.37,+2.10,+4.71,LLLLLLLLLL,LLLLLLLLLL,LLLLLLLLLL
101,2026/09/10 14:55:19,0,+19.33,+85.18,+34.08,+0.01,+89.48,+33.78,+86.96,+19.52,+2.07,+4.64,LLLLLLLLLL,LLLLLLLLLL,LLLLLLLLLL
102,2026/09/10 14:55:20,0,+19.66,+85.30,+34.42,+0.03,+86.19,+34.49,+88.82,+26.38,+2.09,+4.73,LLLLLLLLLL,LLLLLLLLLL,LLLLLLLLLL
103,2026/09/10 14:55:21,0,+19.80,+85.83,+33.56,-0.00,+87.51,+34.22,+86.78,+31.44,+2.15,+4.75,LLLLLLLLLL,LLLLLLLLLL,LLLLLLLLLL
104,2026/09/10 14:55:22,0,+19.51,+85.84,+199.44,-0.00,+87.27,+33.71,+86.27,+19.37,+2.10,+4.68,LLLLLLLLLL,LLLLLLLLLL,LLLLLLLLLL
105,2026/09/10 14:55:23,0,+19.61,+86.63,+34.49,-0.01,+86.83,+33.35,+88.09,+19.15,+2.14,+4.64,LLLLLLLLLL,LLLLLLLLLL,LLLLLLLLLL
106,2026/09/10 14:55:24,0,+49.45,+86.34,+34.75,+0.02,+84.93,+33.97,+86.61,+49.54,+2.07,+4.65,LLLLLLLLLL,LLLLLLLLLL,LLLLLLLLLL
107,2026/09/10 14:55:25,0,+19.74,+87.23,+34.86,+0.01,+87.87,+33.88,+84.88,+49.54,+2.11,+4.67,LLLLLLLLLL,LLLLLLLLLL,LLLLLLLLLL
108,2026/09/10 14:55:26,0,+19.49,+84.37,+34.59,+0.03,+88.46,+34.07,+87.60,+49.92,+2.12,+4.75,LLLLLLLLLL,LLLLLLLLLL,LLLLLLLLLL
109,2026/09/10 14:55:27,0,+28.57,+121.59,+49.27,+0.02,+127.34,+48.83,+122.97,+27.67,+3.07,+6.74,LLLLLLLLLL,LLLLLLLLLL,LLLLLLLLLL
110,2026/09/10 14:55:28,0,+28.10,+123.92,+48.29,+0.01,+124.99,+49.12,+124.86,+28.28,+2.92,+6.69,LLLLLLLLLL,LLLLLLLLLL,LLLLLLLLLL
111,2026/09/10 14:55:29,0,+28.23,+121.56,+49.23,+0.02,+124.02,+49.14,+125.11,+27.32,+3.04,+6.70,LLLLLLLLLL,LLLLLLLLLL,LLLLLLLLLL
112,2026/09/10 14:55:30,0,+27.71,+122.61,+49.55,+0.03,+124.13,+50.20,+125.63,+27.84,+3.01,+6.67,LLLLLLLLLL,LLLLLLLLLL,LLLLLLLLLL
113,2026/09/10 14:55:31,0,+28.18,+121.22,+49.52,+0.02,+124.54,+48.84,+124.66,+27.32,+3.00,+6.47,LLLLLLLLLL,LLLLLLLLLL,LLLLLLLLLL
114,2026/09/10 14:55:32,0,+27.77,+123.87,+49.14,+0.02,+125.67,+48.17,+124.92,+28.25,+2.92,+6.62,LLLLLLLLLL,LLLLLLLLLL,LLLLLLLLLL
115,2026/09/10 14:55:33,0,+28.38,+120.94,+49.46,+0.01,+124.22,+48.73,+123.82,+27.55,+2.94,+6.66,LLLLLLLLLL,LLLLLLLLLL,LLLLLLLLLL
116,2026/09/10 14:55:34,0,+++++++,+122.28,+49.89,+0.02,+125.48,+48.44,+125.42,+28.07,+3.02,+6.68,LLLLLLLLLL,LLLLLLLLLL,LLLLLLLLLL
117,2026/09/10 14:55:35,0,+27.91,+121.51,+48.70,+0.01,+124.07,+48.12,+125.32,+28.09,+3.06,+6.52,LLLLLLLLLL,LLLLLLLLLL,LLLLLLLLLL
118,2026/09/10 14:55:36,0,+28.06,+123.21,+49.47,+0.02,+125.25,+48.45,+125.23,+28.11,+3.01,+6.76,LLLLLLLLLL,LLLLLLLLLL,LLLLLLLLLL
119,2026/09/10 14:55:37,0,+28.32,+123.25,+49.34,+0.02,+128.02,+49.74,+125.03,+27.78,+3.06,+6.59,LLLLLLLLLL,LLLLLLLLLL,LLLLLLLLLL
120,2026/09/10 14:55:38,0,+28.06,+124.46,+48.50,+0.02,+125.79,+48.51,+123.02,+27.15,+2.89,+6.71,LLLLLLLLLL,LLLLLLLLLL,LLLLLLLLLL
121,2026/09/10 14:55:39,0,+36.39,+159.97,+63.80,+0.03,+161.88,+63.92,+162.82,+36.20,+3.83,+8.65,LLLLLLLLLL,LLLLLLLLLL,LLLLLLLLLL
122,2026/09/10 14:55:40,0,+36.66,+158.69,+63.90,+0.03,+166.68,+63.77,+162.09,+36.05,+3.83,+8.70,LLLLLLLLLL,LLLLLLLLLL,LLLLLLLLLL
123,2026/09/10 14:55:41,0,+36.53,+159.76,+63.28,+0.02,+164.49,+63.40,+157.78,+36.10,+3.94,+8.55,LLLLLLLLLL,LLLLLLLLLL,LLLLLLLLLL
124,2026/09/10 14:55:42,0,+36.91,+160.31,+63.08,+0.04,+164.01,+63.76,+162.95,+35.95,+3.92,+8.63,LLLLLLLLLL,LLLLLLLLLL,LLLLLLLLLL
125,2026/09/10 14:55:43,0,+36.97,+160.68,+63.90,+0.00,+162.83,+63.48,+161.00,+35.87,+3.90,+8.77,LLLLLLLLLL,LLLLLLLLLL,LLLLLLLLLL
126,2026/09/10 14:55:44,0,+36.11,+159.62,+198.57,+0.01,+164.15,+62.62,+161.49,+35.79,+3.94,+8.63,LLLLLLLLLL,LLLLLLLLLL,LLLLLLLLLL
127,2026/09/10 14:55:45,0,+36.43,+160.81,+198.63,+0.03,+164.03,+63.51,+160.87,+36.23,+3.89,+8.56,LLLLLLLLLL,LLLLLLLLLL,LLLLLLLLLL
128,2026/09/10 14:55:46,0,+37.24,+492.55,+198.39,+0.03,+161.93,+63.29,+162.16,+36.07,+3.95,+8.69,LLLLLLLLLL,LLLLLLLLLL,LLLLLLLLLL
129,2026/09/10 14:55:47,0,+36.69,+498.06,+63.65,+0.02,+164.51,+62.42,+229.52,+35.89,+3.97,+8.67,LLLLLLLLLL,LLLLLLLLLL,LLLLLLLLLL
130,2026/09/10 14:55:48,0,+36.77,+496.78,+63.35,+0.04,+164.24,+63.32,+232.78,+35.89,+3.83,+8.63,LLLLLLLLLL,LLLLLLLLLL,LLLLLLLLLL
131,2026/09/10 14:55:49,0,+36.62,+159.41,+62.95,+0.02,+163.09,+63.23,+210.37,+35.95,+3.93,+8.73,LLLLLLLLLL,LLLLLLLLLL,LLLLLLLLLL
132,2026/09/10 14:55:50,0,+36.61,+159.37,+63.81,+0.02,+162.42,+63.36,+163.32,+35.64,+3.93,+8.62,LLLLLLLLLL,LLLLLLLLLL,LLLLLLLLLL
133,2026/09/10 14:55:51,0,+35.85,+159.59,+63.77,+0.03,+164.87,+64.56,+160.93,+36.10,+3.86,+8.61,LLLLLLLLLL,LLLLLLLLLL,LLLLLLLLLL
134,2026/09/10 14:55:52,0,+36.70,+161.60,+63.08,+0.03,+162.63,+64.08,+159.80,+36.05,+3.84,+8.72,LLLLLLLLLL,LLLLLLLLLL,LLLLLLLLLL
135,2026/09/10 14:55:53,0,+36.98,+159.78,+63.07,+0.03,+163.19,+63.35,+164.50,+35.74,+3.90,+8.62,LLLLLLLLLL,LLLLLLLLLL,LLLLLLLLLL
136,2026/09/10 14:55:54,0,+36.20,+160.68,+63.06,+0.04,+161.76,+63.75,+162.63,+36.21,+3.91,+8.61,LLLLLLLLLL,LLLLLLLLLL,LLLLLLLLLL
137,2026/09/10 14:55:55,0,+49.63,+160.19,+63.76,+0.03,+161.76,+63.04,+160.53,+36.02,+3.93,+8.89,LLLLLLLLLL,LLLLLLLLLL,LLLLLLLLLL
138,2026/09/10 14:55:56,0,+49.79,+160.48,+63.95,-0.00,+165.46,+62.92,+159.46,+36.29,+3.96,+8.74,LLLLLLLLLL,LLLLLLLLLL,LLLLLLLLLL
139,2026/09/10 14:55:57,0,+36.04,+158.43,+62.48,+0.03,+164.99,+63.63,+161.09,+36.52,+3.90,+8.80,LLLLLLLLLL,LLLLLLLLLL,LLLLLLLLLL
140,2026/09/10 14:55:58,0,+36.41,+160.09,+63.34,+0.03,+164.64,+197.10,+162.94,+36.02,+3.91,+8.67,LLLLLLLLLL,LLLLLLLLLL,LLLLLLLLLL
141,2026/09/10 14:55:59,0,+36.18,+161.44,+63.50,+0.04,+163.55,+197.25,+159.58,+36.54,+4.00,+8.62,LLLLLLLLLL,LLLLLLLLLL,LLLLLLLLLL
142,2026/09/10 14:56:00,0,+36.66,+158.86,+65.26,+0.04,+161.39,+199.98,+160.91,+36.09,+3.91,+8.58,LLLLLLLLLL,LLLLLLLLLL,LLLLLLLLLL
143,2026/09/10 14:56:01,0,+36.58,+158.92,+63.54,+0.03,+163.67,+63.28,+162.83,+36.37,+3.88,+8.66,LLLLLLLLLL,LLLLLLLLLL,LLLLLLLLLL
144,2026/09/10 14:56:02,0,+36.43,+159.06,+63.25,+0.03,+163.74,+63.59,+158.76,+36.33,+3.93,+8.52,LLLLLLLLLL,LLLLLLLLLL,LLLLLLLLLL
145,2026/09/10 14:56:03,0,+36.39,+160.66,+64.12,+0.03,+163.11,+63.79,+159.86,+35.83,+3.88,+8.51,LLLLLLLLLL,LLLLLLLLLL,LLLLLLLLLL
146,2026/09/10 14:56:04,0,+36.55,+158.66,+62.93,+0.03,+164.01,+62.97,+160.84,+36.19,+3.88,+8.63,LLLLLLLLLL,LLLLLLLLLL,LLLLLLLLLL
147,2026/09/10 14:56:05,0,+49.84,+159.06,+62.80,-0.00,+165.57,+64.11,+160.72,+36.23,+3.86,+8.65,LLLLLLLLLL,LLLLLLLLLL,LLLLLLLLLL
148,2026/09/10 14:56:06,0,+49.30,+158.93,+63.89,+0.03,+162.46,+63.43,+161.72,+36.38,+3.91,+8.65,LLLLLLLLLL,LLLLLLLLLL,LLLLLLLLLL
149,2026/09/10 14:56:07,0,+36.54,+158.48,+63.79,+0.01,+163.52,+63.28,+158.51,+36.16,+3.96,+8.72,LLLLLLLLLL,LLLLLLLLLL,LLLLLLLLLL
150,2026/09/10 14:56:08,0,+36.93,+157.94,+63.11,+0.05,+161.87,+63.41,+161.87,+36.16,+3.92,+8.62,LLLLLLLLLL,LLLLLLLLLL,LLLLLLLLLL
151,2026/09/10 14:56:09,0,+36.29,+159.54,+63.82,+0.02,+163.88,+63.32,+160.89,+35.85,+3.93,+8.71,LLLLLLLLLL,LLLLLLLLLL,LLLLLLLLLL
152,2026/09/10 14:56:10,0,+36.83,+160.75,+63.40,+0.03,+162.87,+63.40,+161.67,+36.23,+3.93,+8.67,LLLLLLLLLL,LLLLLLLLLL,LLLLLLLLLL
153,2026/09/10 14:56:11,0,+36.45,+157.78,+63.06,+0.03,+163.33,+63.44,+159.81,+35.82,+3.96,+8.65,LLLLLLLLLL,LLLLLLLLLL,LLLLLLLLLL
154,2026/09/10 14:56:12,0,+37.06,+159.85,+64.20,+0.03,+162.16,+63.28,+159.18,+36.13,+3.87,+8.58,LLLLLLLLLL,LLLLLLLLLL,LLLLLLLLLL
155,2026/09/10 14:56:13,0,+35.76,+162.20,+63.23,+0.03,+162.30,+63.97,+160.37,+36.21,+3.88,+8.84,LLLLLLLLLL,LLLLLLLLLL,LLLLLLLLLL
156,2026/09/10 14:56:14,0,+36.31,+158.96,+63.66,+0.03,+159.94,+63.27,+161.09,+36.59,+3.92,+8.80,LLLLLLLLLL,LLLLLLLLLL,LLLLLLLLLL
157,2026/09/10 14:56:15,0,+36.59,+160.10,+64.29,+0.05,+163.17,+62.52,+160.65,+35.61,+3.90,+8.65,LLLLLLLLLL,LLLLLLLLLL,LLLLLLLLLL
158,2026/09/10 14:56:16,0,+36.59,+160.09,+63.99,+0.04,+162.71,+64.10,+159.57,+36.44,+3.87,+8.76,LLLLLLLLLL,LLLLLLLLLL,LLLLLLLLLL
159,2026/09/10 14:56:17,0,+36.76,+158.50,+63.19,+0.02,+163.35,+63.43,+159.83,+36.52,+3.91,+8.71,LLLLLLLLLL,LLLLLLLLLL,LLLLLLLLLL
160,2026/09/10 14:56:18,0,+36.49,+159.73,+64.25,+0.02,+163.12,+62.57,+160.41,+36.13,+3.82,+8.75,LLLLLLLLLL,LLLLLLLLLL,LLLLLLLLLL
161,2026/09/10 14:56:19,0,+36.91,+157.88,+63.39,+0.05,+163.98,+62.79,+163.77,+36.33,+3.94,+8.62,LLLLLLLLLL,LLLLLLLLLL,LLLLLLLLLL
162,2026/09/10 14:56:20,0,+36.76,+159.57,+63.10,+0.00,+165.30,+63.14,+162.44,+36.03,+3.87,+8.78,LLLLLLLLLL,LLLLLLLLLL,LLLLLLLLLL
163,2026/09/10 14:56:21,0,+36.24,+162.05,+63.55,+0.02,+162.04,+63.47,+161.26,+35.78,+3.82,+8.56,LLLLLLLLLL,LLLLLLLLLL,LLLLLLLLLL
164,2026/09/10 14:56:22,0,+36.87,+162.41,+63.13,+0.01,+164.05,+61.70,+161.07,+36.53,+3.94,+8.52,LLLLLLLLLL,LLLLLLLLLL,LLLLLLLLLL
165,2026/09/10 14:56:23,0,+36.63,+157.82,+63.05,+0.02,+161.88,+61.96,+162.66,+36.18,+3.91,+8.65,LLLLLLLLLL,LLLLLLLLLL,LLLLLLLLLL
166,2026/09/10 14:56:24,0,+36.73,+158.09,+63.14,+0.01,+162.60,+63.29,+161.22,+36.30,+3.92,+8.62,LLLLLLLLLL,LLLLLLLLLL,LLLLLLLLLL
167,2026/09/10 14:56:25,0,+36.94,+160.80,+64.83,+0.03,+162.98,+63.92,+161.19,+35.57,+3.97,+8.72,LLLLLLLLLL,LLLLLLLLLL,LLLLLLLLLL
168,2026/09/10 14:56:26,0,+36.02,+159.58,+63.92,+0.04,+164.11,+63.91,+159.74,+36.19,+3.94,+8.54,LLLLLLLLLL,LLLLLLLLLL,LLLLLLLLLL
169,2026/09/10 14:56:27,0,+27.62,+123.67,+48.06,+0.02,+123.87,+48.16,+125.42,+27.45,+3.05,+6.68,LLLLLLLLLL,LLLLLLLLLL,LLLLLLLLLL
170,2026/09/10 14:56:28,0,+28.25,+123.20,+49.32,+0.02,+123.76,+48.94,+123.35,+28.31,+3.02,+6.62,LLLLLLLLLL,LLLLLLLLLL,LLLLLLLLLL
171,2026/09/10 14:56:29,0,+27.39,+121.94,+49.38,+0.01,+125.48,+48.93,+122.94,+27.93,+3.09,+6.79,LLLLLLLLLL,LLLLLLLLLL,LLLLLLLLLL
172,2026/09/10 14:56:30,0,+28.05,+124.57,+48.38,+0.03,+121.52,+48.76,+123.97,+28.00,+3.02,+6.55,LLLLLLLLLL,LLLLLLLLLL,LLLLLLLLLL
173,2026/09/10 14:56:31,0,+28.15,+120.84,+48.68,+0.03,+126.71,+49.26,+126.09,+27.39,+2.95,+6.78,LLLLLLLLLL,LLLLLLLLLL,LLLLLLLLLL
174,2026/09/10 14:56:32,0,+27.99,+122.43,+47.83,+0.04,+126.29,+48.27,+124.25,+28.06,+2.94,+6.76,LLLLLLLLLL,LLLLLLLLLL,LLLLLLLLLL
175,2026/09/10 14:56:33,0,+28.44,+122.58,+48.69,+0.01,+125.37,+48.84,+122.75,+27.85,+3.04,+6.66,LLLLLLLLLL,LLLLLLLLLL,LLLLLLLLLL
176,2026/09/10 14:56:34,0,+28.16,+121.61,+47.95,+0.01,+126.34,+49.62,+123.64,+28.10,+2.97,+6.71,LLLLLLLLLL,LLLLLLLLLL,LLLLLLLLLL
177,2026/09/10 14:56:35,0,+28.81,+122.28,+48.97,+0.02,+123.02,+48.49,+124.96,+28.03,+3.01,+6.73,LLLLLLLLLL,LLLLLLLLLL,LLLLLLLLLL
178,2026/09/10 14:56:36,0,+27.77,+123.06,+49.64,+0.03,+126.25,+48.42,+124.88,+28.27,+3.03,+6.67,LLLLLLLLLL,LLLLLLLLLL,LLLLLLLLLL
179,2026/09/10 14:56:37,0,+28.32,+123.07,+49.32,+0.02,+126.23,+49.03,+123.51,+27.76,+2.99,+6.74,LLLLLLLLLL,LLLLLLLLLL,LLLLLLLLLL
180,2026/09/10 14:56:38,0,+28.30,+123.78,+49.13,+0.03,+123.13,+48.84,+121.75,+28.07,+2.96,+6.63,LLLLLLLLLL,LLLLLLLLLL,LLLLLLLLLL
181,2026/09/10 14:56:39,0,+19.62,+88.41,+34.40,-0.00,+87.91,+33.15,+86.95,+19.48,+2.06,+4.74,LLLLLLLLLL,LLLLLLLLLL,LLLLLLLLLL
182,2026/09/10 14:56:40,0,+19.81,+86.15,+35.07,+0.02,+87.28,+34.58,+87.40,+19.14,+2.09,+4.64,LLLLLLLLLL,LLLLLLLLLL,LLLLLLLLLL
183,2026/09/10 14:56:41,0,+19.66,+85.75,+34.77,+0.01,+85.27,+33.45,+87.15,+19.58,+2.12,+4.65,LLLLLLLLLL,LLLLLLLLLL,LLLLLLLLLL
184,2026/09/10 14:56:42,0,+19.26,+85.77,+33.30,+0.00,+87.46,+34.47,+88.64,+19.16,+2.05,+4.73,LLLLLLLLLL,LLLLLLLLLL,LLLLLLLLLL
185,2026/09/10 14:56:43,0,+19.73,+84.27,+34.18,+0.01,+88.41,+34.00,+88.91,+19.55,+2.18,+4.57,LLLLLLLLLL,LLLLLLLLLL,LLLLLLLLLL
186,2026/09/10 14:56:44,0,+20.17,+86.76,+33.68,+0.02,+84.99,+34.04,+88.72,+19.26,+2.12,+4.77,LLLLLLLLLL,LLLLLLLLLL,LLLLLLLLLL
187,2026/09/10 14:56:45,0,+20.15,+85.31,+34.81,+0.00,+88.55,+34.10,+85.83,+19.38,+2.12,+4.65,LLLLLLLLLL,LLLLLLLLLL,LLLLLLLLLL
188,2026/09/10 14:56:46,0,+19.39,+87.85,+34.50,+0.03,+89.28,+33.63,+87.17,+19.16,+2.10,+4.71,LLLLLLLLLL,LLLLLLLLLL,LLLLLLLLLL
189,2026/09/10 14:56:47,0,+19.70,+85.05,+33.82,+0.01,+86.17,+34.66,+85.98,+19.97,+2.11,+4.67,LLLLLLLLLL,LLLLLLLLLL,LLLLLLLLLL
190,2026/09/10 14:56:48,0,+20.09,+86.18,+34.96,+0.04,+85.90,+34.11,+86.53,+19.25,+2.12,+4.71,LLLLLLLLLL,LLLLLLLLLL,LLLLLLLLLL
191,2026/09/10 14:56:49,0,+19.31,+87.39,+34.51,+0.00,+89.10,+33.90,+87.42,+19.42,+2.11,+4.63,LLLLLLLLLL,LLLLLLLLLL,LLLLLLLLLL
192,2026/09/10 14:56:50,0,+19.71,+86.15,+35.57,+0.00,+87.24,+34.89,+85.59,+19.39,+2.16,+4.70,LLLLLLLLLL,LLLLLLLLLL,LLLLLLLLLL
193,2026/09/10 14:56:51,0,+19.41,+86.49,+33.85,+0.00,+89.24,+34.02,+87.05,+19.47,+2.15,+4.64,LLLLLLLLLL,LLLLLLLLLL,LLLLLLLLLL
194,2026/09/10 14:56:52,0,+19.96,+86.88,+34.12,+0.01,+87.81,+33.63,+85.21,+19.18,+2.11,+4.88,LLLLLLLLLL,LLLLLLLLLL,LLLLLLLLLL
195,2026/09/10 14:56:53,0,+19.75,+85.18,+33.54,+0.03,+86.08,+34.48,+86.93,+19.44,+2.07,+4.61,LLLLLLLLLL,LLLLLLLLLL,LLLLLLLLLL
196,2026/09/10 14:56:54,0,+19.44,+88.40,+33.97,+0.01,+86.22,+33.77,+86.11,+19.52,+2.07,+4.74,LLLLLLLLLL,LLLLLLLLLL,LLLLLLLLLL
197,2026/09/10 14:56:55,0,+19.54,+83.81,+33.90,+0.01,+90.39,+34.89,+86.20,+19.52,+2.10,+4.59,LLLLLLLLLL,LLLLLLLLLL,LLLLLLLLLL
198,2026/09/10 14:56:56,0,+19.98,+85.80,+34.41,+0.01,+85.57,+33.90,+86.76,+19.86,+2.09,+4.58,LLLLLLLLLL,LLLLLLLLLL,LLLLLLLLLL
199,2026/09/10 14:56:57,0,+19.61,+85.79,+33.89,+0.02,+87.28,+33.79,+87.15,+19.65,+2.13,+4.72,LLLLLLLLLL,LLLLLLLLLL,LLLLLLLLLL
200,2026/09/10 14:56:58,0,+19.41,+87.24,+34.05,+0.02,+86.69,+33.67,+85.56,+20.02,+2.17,+4.42,LLLLLLLLLL,LLLLLLLLLL,LLLLLLLLLL
201,2026/09/10 14:56:59,0,+19.87,+85.64,+33.96,+0.04,+85.23,+34.06,+87.19,+19.47,+2.12,+4.57,LLLLLLLLLL,LLLLLLLLLL,LLLLLLLLLL
202,2026/09/10 14:57:00,0,+19.75,+84.29,+34.10,+0.02,+88.48,+++++++,+86.58,+19.45,+2.07,+4.59,LLLLLLLLLL,LLLLLLLLLL,LLLLLLLLLL
203,2026/09/10 14:57:01,0,+19.66,+86.02,+34.50,+0.02,+86.62,+33.97,+85.92,+19.19,+2.05,+4.71,LLLLLLLLLL,LLLLLLLLLL,LLLLLLLLLL
204,2026/09/10 14:57:02,0,+19.56,+86.52,+33.11,+0.02,+88.53,+33.37,+87.19,+19.32,+2.10,+4.64,LLLLLLLLLL,LLLLLLLLLL,LLLLLLLLLL
205,2026/09/10 14:57:03,0,+19.75,+85.11,+34.52,-0.00,+87.65,+34.22,+87.92,+19.52,+2.11,+4.54,LLLLLLLLLL,LLLLLLLLLL,LLLLLLLLLL
206,2026/09/10 14:57:04,0,+19.90,+84.89,+34.23,+0.00,+88.57,+34.35,+89.33,+19.42,+2.06,+4.65,LLLLLLLLLL,LLLLLLLLLL,LLLLLLLLLL
207,2026/09/10 14:57:05,0,+19.42,+85.84,+33.94,+0.02,+84.85,+34.53,+85.17,+19.88,+2.10,+4.65,LLLLLLLLLL,LLLLLLLLLL,LLLLLLLLLL
208,2026/09/10 14:57:06,0,+19.46,+84.40,+34.18,+0.03,+87.37,+33.77,+88.30,+19.46,+2.15,+4.70,LLLLLLLLLL,LLLLLLLLLL,LLLLLLLLLL
209,2026/09/10 14:57:07,0,+19.76,+86.44,+34.42,+0.01,+88.96,+34.24,+86.21,+19.19,+2.08,+4.53,LLLLLLLLLL,LLLLLLLLLL,LLLLLLLLLL
210,2026/09/10 14:57:08,0,+19.65,+85.63,+34.70,+0.01,+87.12,+199.29,+87.18,+19.14,+2.10,+4.66,LLLLLLLLLL,LLLLLLLLLL,LLLLLLLLLL
211,2026/09/10 14:57:09,0,+19.67,+85.31,+34.08,+0.01,+87.39,+198.43,+85.28,+20.02,+2.13,+4.68,LLLLLLLLLL,LLLLLLLLLL,LLLLLLLLLL
212,2026/09/10 14:57:10,0,+19.45,+87.34,+34.92,+0.02,+86.27,+198.42,+87.43,+19.59,+2.16,+4.69,LLLLLLLLLL,LLLLLLLLLL,LLLLLLLLLL
213,2026/09/10 14:57:11,0,+19.85,+86.92,+35.04,+0.03,+87.56,+34.46,+85.85,+19.22,+2.13,+4.71,LLLLLLLLLL,LLLLLLLLLL,LLLLLLLLLL
214,2026/09/10 14:57:12,0,+19.42,+84.53,+34.27,+0.01,+86.36,+34.73,+86.80,+19.99,+2.04,+4.70,LLLLLLLLLL,LLLLLLLLLL,LLLLLLLLLL
215,2026/09/10 14:57:13,0,+20.00,+85.60,+35.18,+0.03,+87.43,+34.13,+85.87,+19.38,+2.16,+4.74,LLLLLLLLLL,LLLLLLLLLL,LLLLLLLLLL
216,2026/09/10 14:57:14,0,+20.03,+85.67,+33.55,-0.01,+86.60,+34.24,+85.97,+18.99,+2.08,+4.76,LLLLLLLLLL,LLLLLLLLLL,LLLLLLLLLL
217,2026/09/10 14:57:15,0,+20.08,+87.17,+33.71,+0.02,+89.18,+33.53,+85.83,+19.19,+2.08,+4.57,LLLLLLLLLL,LLLLLLLLLL,LLLLLLLLLL
218,2026/09/10 14:57:16,0,+20.27,+85.98,+34.73,+0.02,+88.97,+33.82,+89.10,+19.41,+2.05,+4.69,LLLLLLLLLL,LLLLLLLLLL,LLLLLLLLLL
219,2026/09/10 14:57:17,0,+19.55,+86.14,+35.11,+0.01,+86.34,+34.53,-494.56,+19.38,+2.08,+4.72,LLLLLLLLLL,LLLLLLLLLL,LLLLLLLLLL
220,2026/09/10 14:57:18,0,+20.04,+85.91,+33.70,+0.02,+90.90,+34.07,-492.59,+19.55,+2.11,+4.63,LLLLLLLLLL,LLLLLLLLLL,LLLLLLLLLL
221,2026/09/10 14:57:19,0,+19.49,+86.66,+34.66,+0.01,+88.19,+33.62,-494.29,+20.06,+2.05,+4.64,LLLLLLLLLL,LLLLLLLLLL,LLLLLLLLLL
222,2026/09/10 14:57:20,0,+19.26,+83.97,+34.98,-0.01,+88.23,+34.75,+85.91,+19.37,+2.09,+4.85,LLLLLLLLLL,LLLLLLLLLL,LLLLLLLLLL
223,2026/09/10 14:57:21,0,+19.33,+87.47,+33.88,+0.01,+89.69,+34.58,+87.14,+19.47,+2.04,+4.65,LLLLLLLLLL,LLLLLLLLLL,LLLLLLLLLL
224,2026/09/10 14:57:22,0,+19.43,+86.19,+33.70,+0.01,+88.41,+33.91,+87.97,+19.27,+2.12,+4.75,LLLLLLLLLL,LLLLLLLLLL,LLLLLLLLLL
225,2026/09/10 14:57:23,0,+19.20,+84.42,+34.31,+0.01,+86.74,+35.34,+85.60,+19.49,+2.08,+4.76,LLLLLLLLLL,LLLLLLLLLL,LLLLLLLLLL
226,2026/09/10 14:57:24,0,+20.26,+84.19,+33.83,+0.01,+85.64,+33.82,+89.62,+20.20,+2.11,+4.77,LLLLLLLLLL,LLLLLLLLLL,LLLLLLLLLL
227,2026/09/10 14:57:25,0,+19.61,+86.08,+++++++,+0.01,+83.10,+33.26,+89.02,+19.07,+2.08,+4.78,LLLLLLLLLL,LLLLLLLLLL,LLLLLLLLLL
228,2026/09/10 14:57:26,0,+20.03,+85.66,+34.65,+0.01,+90.50,+33.98,+86.75,+18.86,+2.11,+4.68,LLLLLLLLLL,LLLLLLLLLL,LLLLLLLLLL
229,2026/09/10 14:57:27,0,+28.48,+122.45,+48.88,+0.01,+125.78,+47.89,+124.57,+27.48,+2.97,+6.68,LLLLLLLLLL,LLLLLLLLLL,LLLLLLLLLL
230,2026/09/10 14:57:28,0,+27.88,+122.96,+48.61,+0.02,+125.93,+48.90,+124.41,+27.44,+2.96,+6.67,LLLLLLLLLL,LLLLLLLLLL,LLLLLLLLLL
231,2026/09/10 14:57:29,0,+28.13,+123.76,+49.26,+0.03,+126.24,+49.35,+124.06,+27.87,+3.00,+6.69,LLLLLLLLLL,LLLLLLLLLL,LLLLLLLLLL
232,2026/09/10 14:57:30,0,+27.70,+121.90,+48.85,-0.00,+124.77,+48.26,+124.89,+28.14,+3.05,+6.67,LLLLLLLLLL,LLLLLLLLLL,LLLLLLLLLL
233,2026/09/10 14:57:31,0,+28.22,+120.23,+49.44,+0.02,+126.12,+48.44,+123.13,+27.87,+2.93,+6.66,LLLLLLLLLL,LLLLLLLLLL,LLLLLLLLLL
234,2026/09/10 14:57:32,0,+28.27,+122.85,+49.16,+0.02,+123.70,+48.40,+125.55,+27.99,+2.96,+6.56,LLLLLLLLLL,LLLLLLLLLL,LLLLLLLLLL
235,2026/09/10 14:57:33,0,+28.59,+122.84,+48.35,+0.02,+125.69,+48.47,+123.55,+27.84,+3.04,+6.73,LLLLLLLLLL,LLLLLLLLLL,LLLLLLLLLL
236,2026/09/10 14:57:34,0,+28.07,+122.98,+49.41,+0.01,+126.52,+48.59,+124.71,+27.71,+3.00,+6.62,LLLLLLLLLL,LLLLLLLLLL,LLLLLLLLLL
237,2026/09/10 14:57:35,0,+28.35,+122.07,+49.42,+0.02,+124.31,+48.32,+123.86,+27.88,+3.01,+6.69,LLLLLLLLLL,LLLLLLLLLL,LLLLLLLLLL
238,2026/09/10 14:57:36,0,+27.92,+122.90,+48.81,+0.02,+129.25,+48.96,+123.15,+27.41,+3.09,+6.63,LLLLLLLLLL,LLLLLLLLLL,LLLLLLLLLL
239,2026/09/10 14:57:37,0,+28.56,+124.44,+49.74,+0.01,+123.73,+48.12,+122.57,+28.48,+2.98,+6.58,LLLLLLLLLL,LLLLLLLLLL,LLLLLLLLLL
240,2026/09/10 14:57:38,0,+28.30,+122.18,+49.03,+0.01,+126.25,+48.78,+123.62,+27.75,+2.96,+6.61,LLLLLLLLLL,LLLLLLLLLL,LLLLLLLLLL
241,2026/09/10 14:57:39,0,+36.12,+159.00,+63.86,+0.03,+163.14,+63.66,+326.00,+36.01,+3.87,+8.75,LLLLLLLLLL,LLLLLLLLLL,LLLLLLLLLL
242,2026/09/10 14:57:40,0,+36.21,+159.78,+63.53,+0.01,+165.00,+62.76,+342.52,+35.91,+3.94,+8.56,LLLLLLLLLL,LLLLLLLLLL,LLLLLLLLLL
243,2026/09/10 14:57:41,0,+36.56,+160.92,+62.67,+0.03,+162.81,+62.46,+160.44,+36.15,+3.83,+8.66,LLLLLLLLLL,LLLLLLLLLL,LLLLLLLLLL
244,2026/09/10 14:57:42,0,+36.60,+158.63,+64.03,+0.03,+161.92,+62.62,+162.46,+36.27,+3.86,+8.72,LLLLLLLLLL,LLLLLLLLLL,LLLLLLLLLL
245,2026/09/10 14:57:43,0,+36.39,+159.92,+63.59,+0.01,+164.32,+63.04,+159.41,+36.19,+3.88,+8.64,LLLLLLLLLL,LLLLLLLLLL,LLLLLLLLLL
246,2026/09/10 14:57:44,0,+36.59,+158.23,+62.92,+0.03,+162.14,+62.62,+160.43,+36.16,+3.84,+8.62,LLLLLLLLLL,LLLLLLLLLL,LLLLLLLLLL
247,2026/09/10 14:57:45,0,+35.90,+161.11,+63.79,+0.01,+164.27,+63.99,+162.39,+35.98,+3.86,+8.64,LLLLLLLLLL,LLLLLLLLLL,LLLLLLLLLL
248,2026/09/10 14:57:46,0,+36.26,+158.24,+63.77,+0.04,+161.50,+63.23,+161.94,+36.18,+3.95,+8.62,LLLLLLLLLL,LLLLLLLLLL,LLLLLLLLLL
249,2026/09/10 14:57:47,0,+36.28,+158.48,+63.63,+0.01,+162.27,+62.90,+161.31,+36.71,+3.86,+8.57,LLLLLLLLLL,LLLLLLLLLL,LLLLLLLLLL
250,2026/09/10 14:57:48,0,+36.85,+158.76,+63.47,+0.04,+162.00,+62.86,+159.28,+36.04,+3.83,+8.66,LLLLLLLLLL,LLLLLLLLLL,LLLLLLLLLL
251,2026/09/10 14:57:49,0,+36.28,+159.46,+63.59,+0.02,+161.32,+63.66,+162.14,+36.48,+3.90,+8.52,LLLLLLLLLL,LLLLLLLLLL,LLLLLLLLLL
252,2026/09/10 14:57:50,0,+35.97,+157.78,+63.36,+0.03,+161.51,+63.79,+160.47,+36.05,+3.81,+8.66,LLLLLLLLLL,LLLLLLLLLL,LLLLLLLLLL
253,2026/09/10 14:57:51,0,+36.75,+161.18,+63.64,+0.03,+165.12,+63.02,+161.79,+36.14,+3.95,+8.74,LLLLLLLLLL,LLLLLLLLLL,LLLLLLLLLL
254,2026/09/10 14:57:52,0,+36.80,+159.50,+63.31,+0.01,+165.97,+63.35,+160.75,+36.45,+3.88,+8.67,LLLLLLLLLL,LLLLLLLLLL,LLLLLLLLLL
255,2026/09/10 14:57:53,0,+36.08,+159.11,+63.22,+0.02,+160.76,+63.49,+160.81,+35.45,+3.88,+8.70,LLLLLLLLLL,LLLLLLLLLL,LLLLLLLLLL
256,2026/09/10 14:57:54,0,+36.49,+159.78,+63.32,+0.02,+164.82,+63.47,+160.60,+36.35,+3.89,+8.67,LLLLLLLLLL,LLLLLLLLLL,LLLLLLLLLL
257,2026/09/10 14:57:55,0,+36.09,+160.41,+64.02,+0.01,+163.77,+63.58,+163.54,+35.90,+3.93,+8.64,LLLLLLLLLL,LLLLLLLLLL,LLLLLLLLLL
258,2026/09/10 14:57:56,0,+36.44,+158.71,+63.35,+0.02,+163.21,+63.77,+160.50,+36.14,+3.88,+8.66,LLLLLLLLLL,LLLLLLLLLL,LLLLLLLLLL
259,2026/09/10 14:57:57,0,+36.42,+161.17,+63.58,+0.03,+161.37,+63.56,+159.79,+36.23,+3.80,+8.75,LLLLLLLLLL,LLLLLLLLLL,LLLLLLLLLL
260,2026/09/10 14:57:58,0,+36.94,+159.51,+62.79,+0.01,+164.61,+63.00,+161.77,+36.52,+3.86,+8.72,LLLLLLLLLL,LLLLLLLLLL,LLLLLLLLLL
261,2026/09/10 14:57:59,0,+36.87,+158.44,+63.68,+0.04,+160.81,+63.09,+158.74,+36.20,+3.92,+8.71,LLLLLLLLLL,LLLLLLLLLL,LLLLLLLLLL
262,2026/09/10 14:58:00,0,+36.36,+157.69,+63.98,+0.02,+162.95,+62.50,+160.05,+36.25,+3.85,+8.77,LLLLLLLLLL,LLLLLLLLLL,LLLLLLLLLL
263,2026/09/10 14:58:01,0,+36.65,+158.87,+63.80,+0.01,+162.19,+63.34,+162.95,+35.85,+3.88,+8.74,LLLLLLLLLL,LLLLLLLLLL,LLLLLLLLLL
264,2026/09/10 14:58:02,0,+36.39,+157.59,+63.20,+0.04,+162.88,+63.30,+160.88,+35.84,+3.90,+8.63,LLLLLLLLLL,LLLLLLLLLL,LLLLLLLLLL
265,2026/09/10 14:58:03,0,+36.68,+157.87,+63.67,+0.01,+164.96,+63.01,+160.60,+36.22,+3.87,+8.62,LLLLLLLLLL,LLLLLLLLLL,LLLLLLLLLL
266,2026/09/10 14:58:04,0,+36.53,+158.44,+63.27,+0.02,+160.62,+63.39,+163.72,+36.32,+3.91,+8.72,LLLLLLLLLL,LLLLLLLLLL,LLLLLLLLLL
267,2026/09/10 14:58:05,0,+36.40,+161.40,+63.71,+0.04,+161.46,+63.03,+161.22,+36.48,+3.87,+8.70,LLLLLLLLLL,LLLLLLLLLL,LLLLLLLLLL
268,2026/09/10 14:58:06,0,+36.85,+161.25,+63.13,+0.02,+162.64,+62.83,+160.26,+36.27,+3.96,+8.75,LLLLLLLLLL,LLLLLLLLLL,LLLLLLLLLL
269,2026/09/10 14:58:07,0,+36.49,+159.74,+64.10,+0.04,+164.53,+63.86,+161.91,+35.96,+3.94,+8.67,LLLLLLLLLL,LLLLLLLLLL,LLLLLLLLLL
270,2026/09/10 14:58:08,0,+37.05,+158.82,+64.18,+0.03,+163.92,+62.97,+160.69,+36.18,+3.90,+8.70,LLLLLLLLLL,LLLLLLLLLL,LLLLLLLLLL
271,2026/09/10 14:58:09,0,+36.37,+160.65,+63.45,+0.02,+165.51,+63.20,+161.09,+++++++,+3.96,+8.77,LLLLLLLLLL,LLLLLLLLLL,LLLLLLLLLL
272,2026/09/10 14:58:10,0,+36.72,+160.01,+63.23,+0.03,+163.41,+63.58,+160.99,+35.88,+3.91,+8.58,LLLLLLLLLL,LLLLLLLLLL,LLLLLLLLLL
273,2026/09/10 14:58:11,0,+36.25,+160.06,+62.79,+0.02,+163.63,+62.74,+158.97,+35.94,+3.91,+8.64,LLLLLLLLLL,LLLLLLLLLL,LLLLLLLLLL
274,2026/09/10 14:58:12,0,+36.72,+159.94,+64.72,+0.04,+162.38,+63.34,+162.01,+35.75,+3.92,+8.75,LLLLLLLLLL,LLLLLLLLLL,LLLLLLLLLL
275,2026/09/10 14:58:13,0,+37.01,+160.88,+63.76,+0.03,+159.50,+62.79,+163.87,+35.86,+3.91,+8.67,LLLLLLLLLL,LLLLLLLLLL,LLLLLLLLLL
276,2026/09/10 14:58:14,0,+36.75,+158.99,+63.41,+0.03,+165.26,+63.55,+158.53,+35.71,+3.93,+8.69,LLLLLLLLLL,LLLLLLLLLL,LLLLLLLLLL
277,2026/09/10 14:58:15,0,+37.03,+159.81,+63.30,+0.01,+163.58,+64.32,+162.87,+36.37,+3.91,+8.63,LLLLLLLLLL,LLLLLLLLLL,LLLLLLLLLL
278,2026/09/10 14:58:16,0,+36.24,+160.20,+63.01,+0.02,+163.10,+63.73,+160.92,+35.76,+3.91,+8.71,LLLLLLLLLL,LLLLLLLLLL,LLLLLLLLLL
279,2026/09/10 14:58:17,0,+36.72,+158.49,+63.96,+0.01,+162.13,+63.87,+160.29,+35.94,+3.97,+8.67,LLLLLLLLLL,LLLLLLLLLL,LLLLLLLLLL
280,2026/09/10 14:58:18,0,+26.07,+161.45,+63.75,+0.04,+165.23,+63.52,+161.57,+35.98,+3.96,+8.64,LLLLLLLLLL,LLLLLLLLLL,LLLLLLLLLL
281,2026/09/10 14:58:19,0,+36.20,+158.67,+63.28,+0.02,+161.22,+64.11,+162.02,+36.30,+3.85,+8.72,LLLLLLLLLL,LLLLLLLLLL,LLLLLLLLLL
282,2026/09/10 14:58:20,0,+36.51,+159.36,+63.74,+0.02,+161.67,+62.24,+200.25,+36.22,+3.90,+8.62,LLLLLLLLLL,LLLLLLLLLL,LLLLLLLLLL
283,2026/09/10 14:58:21,0,+36.90,+159.80,+63.85,+0.02,+162.57,+63.41,+333.24,+36.21,+3.89,+8.71,LLLLLLLLLL,LLLLLLLLLL,LLLLLLLLLL
284,2026/09/10 14:58:22,0,+36.51,+159.46,+63.69,+0.02,+163.92,+63.73,+160.79,+35.66,+3.83,+8.70,LLLLLLLLLL,LLLLLLLLLL,LLLLLLLLLL
285,2026/09/10 14:58:23,0,+36.71,+158.26,+64.44,+0.04,+162.88,+63.11,+161.29,+36.20,+3.97,+8.69,LLLLLLLLLL,LLLLLLLLLL,LLLLLLLLLL
286,2026/09/10 14:58:24,0,+36.28,+160.11,+63.38,+0.03,+164.05,+63.57,+161.61,+36.02,+3.86,+8.74,LLLLLLLLLL,LLLLLLLLLL,LLLLLLLLLL
287,2026/09/10 14:58:25,0,+36.79,+158.16,+62.81,+0.01,+164.25,+62.97,+162.53,+35.86,+3.94,+8.85,LLLLLLLLLL,LLLLLLLLLL,LLLLLLLLLL
288,2026/09/10 14:58:26,0,+21.16,+160.41,+63.74,+0.02,+162.87,+63.95,+159.28,+36.06,+3.84,+8.58,LLLLLLLLLL,LLLLLLLLLL,LLLLLLLLLL
289,2026/09/10 14:58:27,0,+28.08,+496.53,+48.74,+0.02,+127.16,+48.66,+124.22,+27.61,+2.99,+6.61,LLLLLLLLLL,LLLLLLLLLL,LLLLLLLLLL
290,2026/09/10 14:58:28,0,+28.18,+496.33,+48.87,+0.02,+123.84,+48.53,+123.82,+27.18,+2.99,+6.65,LLLLLLLLLL,LLLLLLLLLL,LLLLLLLLLL
291,2026/09/10 14:58:29,0,+28.75,+499.47,+49.16,+0.02,+124.95,+48.32,+123.99,+27.94,+3.03,+6.63,LLLLLLLLLL,LLLLLLLLLL,LLLLLLLLLL
292,2026/09/10 14:58:30,0,+28.51,+124.65,+48.35,+0.01,+125.51,+48.70,+125.12,+27.36,+3.00,+6.57,LLLLLLLLLL,LLLLLLLLLL,LLLLLLLLLL
293,2026/09/10 14:58:31,0,+27.82,+329.46,+48.13,+0.03,+126.59,+49.41,+123.07,+28.26,+3.03,+6.60,LLLLLLLLLL,LLLLLLLLLL,LLLLLLLLLL
294,2026/09/10 14:58:32,0,+28.20,+226.04,+49.28,+0.02,+127.36,+49.24,+122.99,+27.26,+3.01,+6.79,LLLLLLLLLL,LLLLLLLLLL,LLLLLLLLLL
295,2026/09/10 14:58:33,0,+28.00,+123.95,+48.98,+0.02,+124.60,+48.24,+122.41,+28.03,+2.98,+6.60,LLLLLLLLLL,LLLLLLLLLL,LLLLLLLLLL
296,2026/09/10 14:58:34,0,+28.11,+123.11,+49.66,-0.00,+125.89,+48.72,+124.09,+27.77,+2.97,+6.73,LLLLLLLLLL,LLLLLLLLLL,LLLLLLLLLL
297,2026/09/10 14:58:35,0,+27.97,+123.57,+49.32,+0.02,+124.22,+48.90,+122.82,+28.31,+3.03,+6.63,LLLLLLLLLL,LLLLLLLLLL,LLLLLLLLLL
298,2026/09/10 14:58:36,0,+28.17,+121.81,+49.00,+0.03,+125.15,+48.56,+122.86,+27.35,+2.96,+6.68,LLLLLLLLLL,LLLLLLLLLL,LLLLLLLLLL
299,2026/09/10 14:58:37,0,+28.54,+121.19,+48.26,+0.02,+126.15,+48.76,+124.31,+28.14,+2.99,+6.64,LLLLLLLLLL,LLLLLLLLLL,LLLLLLLLLL
300,2026/09/10 14:58:38,0,+27.72,+122.51,+49.84,+0.02,+126.26,+49.26,+123.38,+28.09,+2.95,+6.63,LLLLLLLLLL,LLLLLLLLLL,LLLLLLLLLL
301,2026/09/10 14:58:39,0,+19.57,+85.46,+33.21,+0.01,+88.18,+34.01,+86.19,+19.43,+2.10,+4.65,LLLLLLLLLL,LLLLLLLLLL,LLLLLLLLLL
302,2026/09/10 14:58:40,0,+19.61,+86.16,+34.18,-0.01,+87.08,+34.30,+87.37,+19.79,+2.12,+4.77,LLLLLLLLLL,LLLLLLLLLL,LLLLLLLLLL
303,2026/09/10 14:58:41,0,+19.45,+87.08,+33.68,+0.01,+87.75,+34.61,+85.85,+19.18,+2.09,+4.66,LLLLLLLLLL,LLLLLLLLLL,LLLLLLLLLL
304,2026/09/10 14:58:42,0,+19.53,+85.15,+34.23,+0.01,+87.29,+34.44,+87.29,+19.59,+2.02,+4.66,LLLLLLLLLL,LLLLLLLLLL,LLLLLLLLLL
305,2026/09/10 14:58:43,0,+19.33,+85.62,+34.31,+0.03,+88.00,+34.15,+88.16,+19.27,+2.13,+4.69,LLLLLLLLLL,LLLLLLLLLL,LLLLLLLLLL
306,2026/09/10 14:58:44,0,+19.94,+86.43,+33.81,+0.00,+87.25,+34.78,+86.00,+19.44,+2.08,+4.79,LLLLLLLLLL,LLLLLLLLLL,LLLLLLLLLL
307,2026/09/10 14:58:45,0,+19.25,+83.40,+33.68,+0.01,+87.01,+33.71,+88.02,+19.68,+2.18,+4.65,LLLLLLLLLL,LLLLLLLLLL,LLLLLLLLLL
308,2026/09/10 14:58:46,0,+20.31,+86.89,+34.01,+0.02,+87.13,+33.25,+85.50,+19.38,+2.12,+4.63,LLLLLLLLLL,LLLLLLLLLL,LLLLLLLLLL
309,2026/09/10 14:58:47,0,+19.61,+83.63,+34.24,+0.02,+88.17,+34.24,+89.25,+19.29,+2.14,+4.62,LLLLLLLLLL,LLLLLLLLLL,LLLLLLLLLL
310,2026/09/10 14:58:48,0,+19.41,+84.69,+34.48,+0.00,+87.01,+35.02,+87.36,+19.36,+2.02,+4.69,LLLLLLLLLL,LLLLLLLLLL,LLLLLLLLLL
311,2026/09/10 14:58:49,0,+19.36,+87.97,+34.44,+0.01,+86.31,+199.88,+86.11,+19.39,+2.08,+4.59,LLLLLLLLLL,LLLLLLLLLL,LLLLLLLLLL
312,2026/09/10 14:58:50,0,+19.84,+86.52,+33.97,+0.02,+88.91,+197.47,+88.08,+19.45,+2.12,+4.58,LLLLLLLLLL,LLLLLLLLLL,LLLLLLLLLL
313,2026/09/10 14:58:51,0,+19.58,+86.93,+33.84,+0.01,+86.79,+33.80,+85.64,+19.62,+2.10,+4.63,LLLLLLLLLL,LLLLLLLLLL,LLLLLLLLLL
314,2026/09/10 14:58:52,0,+20.27,+84.85,+34.92,+0.02,+87.16,+33.23,+84.76,+19.50,+2.04,+4.68,LLLLLLLLLL,LLLLLLLLLL,LLLLLLLLLL
315,2026/09/10 14:58:53,0,+19.56,+85.26,+33.48,-0.00,+86.93,+34.14,+85.52,+19.69,+2.05,+4.59,LLLLLLLLLL,LLLLLLLLLL,LLLLLLLLLL
316,2026/09/10 14:58:54,0,+19.97,+85.51,+34.58,+0.01,+87.74,+34.42,+85.10,+19.47,+2.10,+4.76,LLLLLLLLLL,LLLLLLLLLL,LLLLLLLLLL
317,2026/09/10 14:58:55,0,+19.60,+493.02,+33.85,+0.02,+88.24,+33.60,+85.02,+18.91,+2.10,+4.72,LLLLLLLLLL,LLLLLLLLLL,LLLLLLLLLL
318,2026/09/10 14:58:56,0,+19.43,+495.98,+34.34,+0.01,+87.26,+33.86,+87.67,+19.43,+2.02,+4.69,LLLLLLLLLL,LLLLLLLLLL,LLLLLLLLLL
319,2026/09/10 14:58:57,0,+19.89,+497.40,+34.88,-0.01,+88.51,+34.74,+87.65,+19.69,+2.16,+4.74,LLLLLLLLLL,LLLLLLLLLL,LLLLLLLLLL
320,2026/09/10 14:58:58,0,+20.09,+86.13,+34.20,+0.02,+87.38,+35.04,+85.98,+20.03,+2.10,+4.67,LLLLLLLLLL,LLLLLLLLLL,LLLLLLLLLL
321,2026/09/10 14:58:59,0,+19.34,+86.04,+34.49,+0.01,+88.22,+34.49,+88.59,+18.82,+2.14,+4.80,LLLLLLLLLL,LLLLLLLLLL,LLLLLLLLLL
322,2026/09/10 14:59:00,0,+19.24,+85.84,+34.29,+0.00,+89.60,+33.81,+85.28,+19.40,+2.15,+4.59,LLLLLLLLLL,LLLLLLLLLL,LLLLLLLLLL
323,2026/09/10 14:59:01,0,+19.59,+85.43,+34.34,+0.02,+87.31,+34.95,+88.26,+19.67,+2.07,+4.54,LLLLLLLLLL,LLLLLLLLLL,LLLLLLLLLL
324,2026/09/10 14:59:02,0,+18.78,+84.12,+34.24,+0.02,+88.24,+34.34,+85.61,+19.36,+2.11,+4.57,LLLLLLLLLL,LLLLLLLLLL,LLLLLLLLLL
325,2026/09/10 14:59:03,0,+19.70,+85.35,+34.44,+0.01,+89.44,+33.88,+87.08,+19.05,+2.08,+4.69,LLLLLLLLLL,LLLLLLLLLL,LLLLLLLLLL
326,2026/09/10 14:59:04,0,+19.35,+88.02,+33.95,+0.02,+86.90,+33.77,+86.20,+19.38,+2.13,+4.73,LLLLLLLLLL,LLLLLLLLLL,LLLLLLLLLL
327,2026/09/10 14:59:05,0,+19.52,+85.60,+34.00,+0.01,+85.95,+32.94,+86.63,+19.51,+2.13,+4.74,LLLLLLLLLL,LLLLLLLLLL,LLLLLLLLLL
328,2026/09/10 14:59:06,0,+19.67,+85.54,+33.85,+0.01,+87.83,+34.93,+86.99,+19.60,+2.07,+4.81,LLLLLLLLLL,LLLLLLLLLL,LLLLLLLLLL
329,2026/09/10 14:59:07,0,+20.15,+85.63,+34.64,+0.03,+88.43,+35.35,+86.12,+18.85,+2.07,+4.63,LLLLLLLLLL,LLLLLLLLLL,LLLLLLLLLL
330,2026/09/10 14:59:08,0,+19.74,+85.35,+35.38,+0.01,+88.62,+34.05,+86.67,+19.65,+2.06,+4.69,LLLLLLLLLL,LLLLLLLLLL,LLLLLLLLLL
331,2026/09/10 14:59:09,0,+20.27,+85.61,+34.75,+0.01,+87.68,+34.38,+85.83,+19.66,+2.12,+4.50,LLLLLLLLLL,LLLLLLLLLL,LLLLLLLLLL
332,2026/09/10 14:59:10,0,+19.96,+84.89,+34.60,+0.01,+87.98,+197.46,+85.18,+19.47,+2.08,+4.59,LLLLLLLLLL,LLLLLLLLLL,LLLLLLLLLL
333,2026/09/10 14:59:11,0,+19.78,+86.11,+33.90,+0.02,+87.42,+34.17,+84.54,+19.23,+2.05,+4.74,LLLLLLLLLL,LLLLLLLLLL,LLLLLLLLLL
334,2026/09/10 14:59:12,0,+20.29,+86.78,+33.29,+0.03,+88.52,+33.53,+86.90,+19.91,+2.12,+4.64,LLLLLLLLLL,LLLLLLLLLL,LLLLLLLLLL
335,2026/09/10 14:59:13,0,+19.81,+84.78,+33.09,+0.02,+88.06,+34.29,+88.98,+19.37,+2.05,+4.67,LLLLLLLLLL,LLLLLLLLLL,LLLLLLLLLL
336,2026/09/10 14:59:14,0,+19.76,+86.91,+32.87,+0.03,+86.86,+35.01,+85.79,+19.51,+2.06,+4.62,LLLLLLLLLL,LLLLLLLLLL,LLLLLLLLLL
337,2026/09/10 14:59:15,0,+19.87,+86.39,+34.23,+0.02,+89.68,+34.05,+87.61,+19.55,+2.09,+4.62,LLLLLLLLLL,LLLLLLLLLL,LLLLLLLLLL
338,2026/09/10 14:59:16,0,+20.39,+84.41,+33.84,+0.02,+88.75,+33.90,+88.14,+19.68,+2.11,+4.64,LLLLLLLLLL,LLLLLLLLLL,LLLLLLLLLL
339,2026/09/10 14:59:17,0,+19.78,+87.06,+34.36,-0.01,+86.62,+34.61,+86.29,+19.47,+2.11,+4.78,LLLLLLLLLL,LLLLLLLLLL,LLLLLLLLLL
340,2026/09/10 14:59:18,0,+19.66,+86.32,+34.51,+0.02,+86.79,+33.73,+85.92,+19.50,+2.12,+4.78,LLLLLLLLLL,LLLLLLLLLL,LLLLLLLLLL
341,2026/09/10 14:59:19,0,+19.15,+84.72,+34.00,+0.01,+87.23,+33.92,+87.22,+19.45,+2.06,+4.62,LLLLLLLLLL,LLLLLLLLLL,LLLLLLLLLL
342,2026/09/10 14:59:20,0,+19.78,+85.62,+33.84,+0.00,+91.29,+33.89,+87.75,+19.08,+2.14,+4.75,LLLLLLLLLL,LLLLLLLLLL,LLLLLLLLLL
343,2026/09/10 14:59:21,0,+19.38,+87.16,+34.86,+0.01,+85.20,+33.82,+87.77,+19.03,+2.09,+4.77,LLLLLLLLLL,LLLLLLLLLL,LLLLLLLLLL
344,2026/09/10 14:59:22,0,+19.17,+86.11,+34.48,+0.01,+91.10,+33.63,+85.53,+19.68,+2.13,+4.64,LLLLLLLLLL,LLLLLLLLLL,LLLLLLLLLL
345,2026/09/10 14:59:23,0,+19.60,+85.32,+34.25,+0.00,+87.53,+34.47,+89.26,+19.47,+2.08,+4.55,LLLLLLLLLL,LLLLLLLLLL,LLLLLLLLLL
346,2026/09/10 14:59:24,0,+20.11,+86.22,+34.31,+0.01,+86.83,+34.81,+86.60,+19.48,+2.03,+4.77,LLLLLLLLLL,LLLLLLLLLL,LLLLLLLLLL
347,2026/09/10 14:59:25,0,+19.96,+85.20,+34.67,+0.04,+89.51,+34.48,+86.65,+19.75,+2.16,+4.58,LLLLLLLLLL,LLLLLLLLLL,LLLLLLLLLL
348,2026/09/10 14:59:26,0,+19.89,+85.62,+33.99,-0.00,+87.51,+35.09,+87.03,+19.42,+2.05,+4.55,LLLLLLLLLL,LLLLLLLLLL,LLLLLLLLLL
349,2026/09/10 14:59:27,0,+28.43,+494.71,+49.38,+0.02,+127.91,+49.08,+125.36,+28.07,+2.97,+6.71,LLLLLLLLLL,LLLLLLLLLL,LLLLLLLLLL
350,2026/09/10 14:59:28,0,+27.59,+498.72,+49.21,+0.02,+125.43,+48.70,+127.05,+27.54,+3.03,+6.63,LLLLLLLLLL,LLLLLLLLLL,LLLLLLLLLL
351,2026/09/10 14:59:29,0,+27.89,+494.35,+49.64,+0.02,+126.01,+48.56,+124.13,+28.36,+3.03,+6.77,LLLLLLLLLL,LLLLLLLLLL,LLLLLLLLLL
352,2026/09/10 14:59:30,0,+28.18,+124.26,+49.68,+0.02,+125.57,+48.72,+122.81,+28.48,+3.02,+6.58,LLLLLLLLLL,LLLLLLLLLL,LLLLLLLLLL
353,2026/09/10 14:59:31,0,+27.77,+119.45,+49.23,+0.02,+127.55,+49.15,+124.39,+28.10,+2.91,+6.64,LLLLLLLLLL,LLLLLLLLLL,LLLLLLLLLL
354,2026/09/10 14:59:32,0,+28.21,+122.60,+49.47,+0.01,+124.66,+48.81,+124.75,+28.17,+2.97,+6.66,LLLLLLLLLL,LLLLLLLLLL,LLLLLLLLLL
355,2026/09/10 14:59:33,0,+27.97,+123.18,+48.90,+0.02,+125.07,+49.27,+123.33,+27.82,+2.99,+6.76,LLLLLLLLLL,LLLLLLLLLL,LLLLLLLLLL
356,2026/09/10 14:59:34,0,+28.55,+123.82,+49.28,+0.02,+125.42,+48.28,+122.43,+28.13,+2.97,+6.61,LLLLLLLLLL,LLLLLLLLLL,LLLLLLLLLL
357,2026/09/10 14:59:35,0,+27.62,+123.41,+48.24,+0.04,+125.47,+48.54,+125.65,+27.71,+2.96,+6.65,LLLLLLLLLL,LLLLLLLLLL,LLLLLLLLLL
358,2026/09/10 14:59:36,0,+27.55,+119.40,+49.54,+0.02,+127.71,+48.89,+125.56,+28.19,+3.04,+6.43,LLLLLLLLLL,LLLLLLLLLL,LLLLLLLLLL
359,2026/09/10 14:59:37,0,+28.40,+124.32,+48.98,+0.01,+126.44,+48.21,+124.23,+27.38,+3.04,+6.67,LLLLLLLLLL,LLLLLLLLLL,LLLLLLLLLL
360,2026/09/10 14:59:38,0,+28.15,+121.56,+48.35,+0.03,+125.32,+48.89,+125.66,+27.52,+2.97,+6.50,LLLLLLLLLL,LLLLLLLLLL,LLLLLLLLLL
361,2026/09/10 14:59:39,0,+36.88,+158.56,+63.98,+0.04,+162.96,+62.17,+160.99,+36.55,+3.90,+8.77,LLLLLLLLLL,LLLLLLLLLL,LLLLLLLLLL
362,2026/09/10 14:59:40,0,+36.26,+157.69,+64.14,+0.03,+161.87,+63.61,+159.63,+49.69,+3.85,+8.68,LLLLLLLLLL,LLLLLLLLLL,LLLLLLLLLL
363,2026/09/10 14:59:41,0,+37.12,+160.31,+63.66,+0.01,+163.14,+63.01,+162.56,+49.86,+3.95,+8.80,LLLLLLLLLL,LLLLLLLLLL,LLLLLLLLLL
364,2026/09/10 14:59:42,0,+36.77,+160.19,+63.43,+0.03,+164.15,+63.14,+161.13,+35.63,+3.87,+8.63,LLLLLLLLLL,LLLLLLLLLL,LLLLLLLLLL
365,2026/09/10 14:59:43,0,+36.47,+159.15,+62.58,+0.02,+162.47,+62.92,+163.90,+36.26,+3.86,+8.68,LLLLLLLLLL,LLLLLLLLLL,LLLLLLLLLL
366,2026/09/10 14:59:44,0,+36.53,+158.28,+63.52,+0.03,+162.00,+63.25,+159.11,+35.88,+3.96,+8.57,LLLLLLLLLL,LLLLLLLLLL,LLLLLLLLLL
367,2026/09/10 14:59:45,0,+36.44,+159.91,+64.36,+0.02,+164.38,+62.82,+161.83,+35.89,+3.92,+8.66,LLLLLLLLLL,LLLLLLLLLL,LLLLLLLLLL
368,2026/09/10 14:59:46,0,+36.29,+157.50,+63.28,+0.03,+164.41,+62.81,+159.75,+35.97,+3.83,+8.69,LLLLLLLLLL,LLLLLLLLLL,LLLLLLLLLL
369,2026/09/10 14:59:47,0,+36.45,+163.18,+63.29,+0.02,+161.83,+63.43,+162.37,+35.95,+3.89,+8.65,LLLLLLLLLL,LLLLLLLLLL,LLLLLLLLLL
370,2026/09/10 14:59:48,0,+36.59,+159.76,+64.12,+0.01,+498.33,+61.92,+162.56,+36.13,+3.89,+8.73,LLLLLLLLLL,LLLLLLLLLL,LLLLLLLLLL
371,2026/09/10 14:59:49,0,+36.48,+161.35,+62.81,+0.04,+164.97,+63.04,+160.21,+36.10,+3.83,+8.59,LLLLLLLLLL,LLLLLLLLLL,LLLLLLLLLL
372,2026/09/10 14:59:50,0,+36.05,+160.51,+63.28,+0.02,+162.39,+63.59,+163.41,+35.77,+3.83,+8.83,LLLLLLLLLL,LLLLLLLLLL,LLLLLLLLLL
373,2026/09/10 14:59:51,0,+36.80,+159.38,+63.90,+0.03,+164.14,+62.91,+158.99,+36.35,+3.89,+8.70,LLLLLLLLLL,LLLLLLLLLL,LLLLLLLLLL
374,2026/09/10 14:59:52,0,+35.79,+158.76,+63.94,+0.04,+162.00,+63.74,+161.83,+35.95,+3.94,+8.56,LLLLLLLLLL,LLLLLLLLLL,LLLLLLLLLL
375,2026/09/10 14:59:53,0,+35.99,+160.83,+62.97,+0.02,+162.90,+62.57,+161.76,+36.18,+3.95,+8.67,LLLLLLLLLL,LLLLLLLLLL,LLLLLLLLLL
376,2026/09/10 14:59:54,0,+36.67,+159.66,+63.98,+0.03,+166.64,+197.06,+161.85,+36.52,+3.98,+8.63,LLLLLLLLLL,LLLLLLLLLL,LLLLLLLLLL
377,2026/09/10 14:59:55,0,+36.45,+160.91,+63.96,+0.02,+161.32,+197.71,+162.46,+35.93,+3.91,+8.71,LLLLLLLLLL,LLLLLLLLLL,LLLLLLLLLL
378,2026/09/10 14:59:56,0,+36.75,+159.51,+63.23,+0.03,+161.99,+199.46,+161.60,+36.41,+3.89,+8.54,LLLLLLLLLL,LLLLLLLLLL,LLLLLLLLLL
379,2026/09/10 14:59:57,0,+36.47,+161.80,+63.56,+0.02,+161.63,+139.62,+161.72,+35.95,+3.92,+8.66,LLLLLLLLLL,LLLLLLLLLL,LLLLLLLLLL
380,2026/09/10 14:59:58,0,+36.96,+160.20,+64.01,+0.01,+163.83,+138.03,+159.80,+36.36,+3.91,+8.81,LLLLLLLLLL,LLLLLLLLLL,LLLLLLLLLL
381,2026/09/10 14:59:59,0,+36.25,+158.69,+63.43,+0.03,+160.57,+62.65,+160.19,+35.79,+3.87,+8.70,LLLLLLLLLL,LLLLLLLLLL,LLLLLLLLLL
382,2026/09/10 15:00:00,0,+36.67,+160.86,+62.77,+0.02,+165.32,+63.06,+160.82,+36.24,+3.91,+8.53,LLLLLLLLLL,LLLLLLLLLL,LLLLLLLLLL
383,2026/09/10 15:00:01,0,+36.94,+160.02,+63.92,+0.03,+162.95,+62.53,+162.59,+35.71,+3.91,+8.68,LLLLLLLLLL,LLLLLLLLLL,LLLLLLLLLL
384,2026/09/10 15:00:02,0,+36.65,+158.96,+64.18,+0.03,+161.99,+63.37,+161.86,+36.02,+3.97,+8.65,LLLLLLLLLL,LLLLLLLLLL,LLLLLLLLLL
385,2026/09/10 15:00:03,0,+36.80,+159.24,+63.69,+0.02,+164.61,+62.79,+161.49,+35.92,+3.88,+8.73,LLLLLLLLLL,LLLLLLLLLL,LLLLLLLLLL
386,2026/09/10 15:00:04,0,+36.63,+158.67,+63.35,+0.04,+162.94,+63.81,+157.99,+36.25,+3.89,+8.70,LLLLLLLLLL,LLLLLLLLLL,LLLLLLLLLL
387,2026/09/10 15:00:05,0,+36.77,+158.70,+63.56,+0.03,+164.98,+63.37,+159.46,+36.18,+3.85,+8.70,LLLLLLLLLL,LLLLLLLLLL,LLLLLLLLLL
388,2026/09/10 15:00:06,0,+36.20,+160.46,+63.08,+0.02,+++++++,+62.42,+161.61,+36.21,+3.83,+8.63,LLLLLLLLLL,LLLLLLLLLL,LLLLLLLLLL
389,2026/09/10 15:00:07,0,+36.61,+161.45,+62.61,+0.03,+162.74,+62.18,+160.54,+36.30,+3.89,+8.53,LLLLLLLLLL,LLLLLLLLLL,LLLLLLLLLL
390,2026/09/10 15:00:08,0,+36.46,+160.16,+63.96,+0.04,+163.94,+81.78,+160.87,+36.10,+3.96,+8.69,LLLLLLLLLL,LLLLLLLLLL,LLLLLLLLLL
391,2026/09/10 15:00:09,0,+36.44,+299.85,+64.03,+0.02,+164.19,+102.29,+162.28,+36.61,+3.89,+8.59,LLLLLLLLLL,LLLLLLLLLL,LLLLLLLLLL
392,2026/09/10 15:00:10,0,+35.96,+310.20,+63.97,+0.02,+163.40,+121.12,+161.32,+35.83,+3.89,+8.74,LLLLLLLLLL,LLLLLLLLLL,LLLLLLLLLL
393,2026/09/10 15:00:11,0,+36.76,+319.01,+63.59,+0.04,+162.21,+63.36,+159.30,+36.08,+3.93,+8.59,LLLLLLLLLL,LLLLLLLLLL,LLLLLLLLLL
394,2026/09/10 15:00:12,0,+36.76,+160.13,+64.27,+0.05,+165.70,+63.49,+160.53,+36.19,+3.94,+8.88,LLLLLLLLLL,LLLLLLLLLL,LLLLLLLLLL
395,2026/09/10 15:00:13,0,+36.85,+158.36,+63.60,+0.02,+163.08,+63.67,+161.57,+36.31,+3.88,+8.59,LLLLLLLLLL,LLLLLLLLLL,LLLLLLLLLL
396,2026/09/10 15:00:14,0,+36.40,+159.34,+63.60,+0.02,+162.42,+63.01,+162.19,+36.24,+3.91,+8.69,LLLLLLLLLL,LLLLLLLLLL,LLLLLLLLLL
397,2026/09/10 15:00:15,0,+36.24,+160.11,+61.93,+0.02,+164.49,+63.76,+160.31,+36.13,+3.89,+8.52,LLLLLLLLLL,LLLLLLLLLL,LLLLLLLLLL
398,2026/09/10 15:00:16,0,+36.81,+158.48,+63.40,+0.04,+164.03,+62.54,+162.36,+36.17,+3.86,+8.82,LLLLLLLLLL,LLLLLLLLLL,LLLLLLLLLL
399,2026/09/10 15:00:17,0,+36.35,+161.51,+62.54,+0.04,+164.05,+63.60,+158.39,+36.19,+3.85,+8.60,LLLLLLLLLL,LLLLLLLLLL,LLLLLLLLLL
400,2026/09/10 15:00:18,0,+36.38,+162.96,+64.22,+0.02,+162.57,+63.09,+161.02,+36.25,+3.93,+8.69,LLLLLLLLLL,LLLLLLLLLL,LLLLLLLLLL
401,2026/09/10 15:00:19,0,+36.62,+160.98,+63.57,+0.01,+161.67,+63.88,+159.17,+36.16,+3.94,+8.71,LLLLLLLLLL,LLLLLLLLLL,LLLLLLLLLL
402,2026/09/10 15:00:20,0,+36.25,+158.51,+64.20,+0.03,+163.90,+64.07,+160.07,+36.15,+3.84,+8.73,LLLLLLLLLL,LLLLLLLLLL,LLLLLLLLLL
403,2026/09/10 15:00:21,0,+36.33,+495.68,+62.97,+0.02,+162.81,+63.82,+162.09,+36.03,+3.92,+8.71,LLLLLLLLLL,LLLLLLLLLL,LLLLLLLLLL
404,2026/09/10 15:00:22,0,+36.50,+493.43,+63.55,+0.04,+163.31,+63.82,+160.61,+36.28,+3.95,+8.66,LLLLLLLLLL,LLLLLLLLLL,LLLLLLLLLL
405,2026/09/10 15:00:23,0,+36.90,+158.74,+63.32,+0.01,+165.23,+63.25,+160.06,+36.38,+3.93,+8.74,LLLLLLLLLL,LLLLLLLLLL,LLLLLLLLLL
406,2026/09/10 15:00:24,0,+36.32,+158.87,+62.40,+0.02,+165.00,+61.84,+160.16,+35.70,+3.87,+8.68,LLLLLLLLLL,LLLLLLLLLL,LLLLLLLLLL
407,2026/09/10 15:00:25,0,+36.44,+158.63,+64.20,+0.04,+161.83,+63.86,+162.82,+36.45,+3.91,+8.54,LLLLLLLLLL,LLLLLLLLLL,LLLLLLLLLL
408,2026/09/10 15:00:26,0,+36.97,+159.14,+64.02,+0.03,+164.98,+63.30,+162.22,+36.18,+3.91,+8.60,LLLLLLLLLL,LLLLLLLLLL,LLLLLLLLLL
409,2026/09/10 15:00:27,0,+28.13,+121.32,+49.00,+0.02,+126.99,+49.10,+123.94,+27.80,+2.97,+6.75,LLLLLLLLLL,LLLLLLLLLL,LLLLLLLLLL
410,2026/09/10 15:00:28,0,+28.19,+122.15,+49.22,+0.02,+125.34,+48.52,+121.92,+28.08,+3.05,+6.73,LLLLLLLLLL,LLLLLLLLLL,LLLLLLLLLL
411,2026/09/10 15:00:29,0,+28.28,+123.61,+48.48,+0.02,+127.11,+48.95,+121.66,+28.12,+3.02,+6.55,LLLLLLLLLL,LLLLLLLLLL,LLLLLLLLLL
412,2026/09/10 15:00:30,0,+27.93,+121.77,+48.27,+0.01,+124.86,+49.26,+123.18,+27.66,+3.09,+6.63,LLLLLLLLLL,LLLLLLLLLL,LLLLLLLLLL
413,2026/09/10 15:00:31,0,+28.50,+123.97,+48.50,+0.02,+125.64,+48.31,+123.54,+28.14,+2.97,+6.59,LLLLLLLLLL,LLLLLLLLLL,LLLLLLLLLL
414,2026/09/10 15:00:32,0,+28.26,+121.50,+48.47,+0.02,+126.81,+48.94,+127.35,+27.86,+3.01,+6.66,LLLLLLLLLL,LLLLLLLLLL,LLLLLLLLLL
415,2026/09/10 15:00:33,0,+28.10,+123.65,+48.74,+0.04,+124.74,+48.65,+123.02,+27.51,+3.04,+6.65,LLLLLLLLLL,LLLLLLLLLL,LLLLLLLLLL
416,2026/09/10 15:00:34,0,+28.01,+123.48,+48.99,+0.02,+124.17,+48.84,+123.55,+27.61,+2.91,+6.68,LLLLLLLLLL,LLLLLLLLLL,LLLLLLLLLL
417,2026/09/10 15:00:35,0,+27.83,+122.78,+48.75,+0.03,+126.19,+48.80,+123.66,+28.04,+3.01,+6.75,LLLLLLLLLL,LLLLLLLLLL,LLLLLLLLLL
418,2026/09/10 15:00:36,0,+28.10,+122.42,+49.71,+0.02,+125.03,+49.27,+122.86,+27.82,+2.92,+6.67,LLLLLLLLLL,LLLLLLLLLL,LLLLLLLLLL
419,2026/09/10 15:00:37,0,+28.12,+122.89,+48.06,+0.03,+126.25,+48.33,+126.26,+27.33,+2.93,+6.63,LLLLLLLLLL,LLLLLLLLLL,LLLLLLLLLL
420,2026/09/10 15:00:38,0,+27.99,+123.80,+49.21,+0.02,+125.19,+48.72,+123.57,+28.22,+2.98,+6.72,LLLLLLLLLL,LLLLLLLLLL,LLLLLLLLLL
421,2026/09/10 15:00:39,0,+19.96,+84.77,+33.82,+0.01,+85.27,+34.11,+84.39,+19.76,+2.14,+4.69,LLLLLLLLLL,LLLLLLLLLL,LLLLLLLLLL
422,2026/09/10 15:00:40,0,+19.69,+85.98,+34.03,+0.05,+87.42,+34.20,+87.49,+19.67,+2.09,+4.61,LLLLLLLLLL,LLLLLLLLLL,LLLLLLLLLL
423,2026/09/10 15:00:41,0,+19.85,+85.42,+35.04,-0.00,+89.20,+33.44,+87.41,+19.40,+2.06,+4.60,LLLLLLLLLL,LLLLLLLLLL,LLLLLLLLLL
424,2026/09/10 15:00:42,0,+19.64,+86.07,+33.95,+0.01,+87.86,+34.25,+87.93,+19.72,+2.11,+4.66,LLLLLLLLLL,LLLLLLLLLL,LLLLLLLLLL
425,2026/09/10 15:00:43,0,+19.90,+85.55,+33.91,+0.01,+87.59,+34.66,+86.33,+19.06,+2.12,+4.61,LLLLLLLLLL,LLLLLLLLLL,LLLLLLLLLL
426,2026/09/10 15:00:44,0,+19.65,+86.99,+33.94,+0.03,+86.73,+33.86,+85.12,+19.08,+2.12,+4.59,LLLLLLLLLL,LLLLLLLLLL,LLLLLLLLLL
427,2026/09/10 15:00:45,0,+19.83,+84.22,+34.09,+0.01,+89.11,+33.37,+86.87,+19.43,+2.03,+4.73,LLLLLLLLLL,LLLLLLLLLL,LLLLLLLLLL
428,2026/09/10 15:00:46,0,+19.19,+85.67,+34.23,+0.00,+86.01,+34.40,+86.88,+19.44,+2.11,+4.79,LLLLLLLLLL,LLLLLLLLLL,LLLLLLLLLL
429,2026/09/10 15:00:47,0,+19.55,+86.01,+34.13,+0.02,+87.73,+33.71,+86.04,+19.49,+2.14,+4.81,LLLLLLLLLL,LLLLLLLLLL,LLLLLLLLLL
430,2026/09/10 15:00:48,0,+19.64,+84.84,+33.30,+0.03,+90.14,+33.34,+85.86,+18.81,+2.10,+4.66,LLLLLLLLLL,LLLLLLLLLL,LLLLLLLLLL
431,2026/09/10 15:00:49,0,+19.88,+84.02,+33.74,+0.00,+86.82,+34.06,+87.38,+19.49,+2.12,+4.70,LLLLLLLLLL,LLLLLLLLLL,LLLLLLLLLL
432,2026/09/10 15:00:50,0,+19.62,+87.08,+34.72,+0.02,+88.70,+33.41,+85.84,+18.85,+2.15,+4.62,LLLLLLLLLL,LLLLLLLLLL,LLLLLLLLLL
433,2026/09/10 15:00:51,0,+19.53,+85.47,+34.65,+0.02,+87.55,+33.37,+88.46,+19.59,+2.06,+4.66,LLLLLLLLLL,LLLLLLLLLL,LLLLLLLLLL
434,2026/09/10 15:00:52,0,+19.80,+84.86,+34.33,+0.00,+86.07,+34.47,+494.47,+18.86,+2.09,+4.60,LLLLLLLLLL,LLLLLLLLLL,LLLLLLLLLL
435,2026/09/10 15:00:53,0,+19.59,+86.12,+33.98,+0.00,+89.10,+34.06,+88.22,+19.79,+2.06,+4.75,LLLLLLLLLL,LLLLLLLLLL,LLLLLLLLLL
436,2026/09/10 15:00:54,0,+20.04,+85.19,+34.23,+0.02,+85.38,+33.41,+85.58,+19.59,+2.09,+4.65,LLLLLLLLLL,LLLLLLLLLL,LLLLLLLLLL
437,2026/09/10 15:00:55,0,+19.79,+85.11,+33.82,+0.00,+87.81,+33.79,+86.79,+19.60,+2.06,+4.74,LLLLLLLLLL,LLLLLLLLLL,LLLLLLLLLL
438,2026/09/10 15:00:56,0,+19.68,+85.74,+34.82,+0.01,+91.10,+35.29,+86.06,+19.48,+2.10,+4.73,LLLLLLLLLL,LLLLLLLLLL,LLLLLLLLLL
439,2026/09/10 15:00:57,0,+19.45,+85.49,+34.74,+0.03,+87.81,+33.99,+85.97,+19.69,+2.17,+4.69,LLLLLLLLLL,LLLLLLLLLL,LLLLLLLLLL
440,2026/09/10 15:00:58,0,+19.31,+87.55,+34.30,+0.02,+85.91,+33.97,+88.87,+19.78,+2.09,+4.69,LLLLLLLLLL,LLLLLLLLLL,LLLLLLLLLL
441,2026/09/10 15:00:59,0,+19.55,+86.41,+33.90,+0.01,+87.06,+33.48,+88.14,+19.03,+2.11,+4.60,LLLLLLLLLL,LLLLLLLLLL,LLLLLLLLLL
442,2026/09/10 15:01:00,0,+19.83,+84.90,+34.42,+0.04,+88.96,+34.06,+87.07,+18.94,+2.16,+4.59,LLLLLLLLLL,LLLLLLLLLL,LLLLLLLLLL
443,2026/09/10 15:01:01,0,+19.83,+87.57,+34.51,+0.02,+87.82,+33.44,+88.70,+19.73,+2.07,+4.52,LLLLLLLLLL,LLLLLLLLLL,LLLLLLLLLL
444,2026/09/10 15:01:02,0,+19.80,+85.61,+34.26,+0.01,+86.39,+33.28,+88.19,+19.30,+2.08,+4.61,LLLLLLLLLL,LLLLLLLLLL,LLLLLLLLLL
445,2026/09/10 15:01:03,0,+19.61,+87.98,+33.77,+0.02,+87.52,+34.16,+86.15,+19.39,+2.10,+4.60,LLLLLLLLLL,LLLLLLLLLL,LLLLLLLLLL
446,2026/09/10 15:01:04,0,+19.94,+84.78,+34.72,+0.02,+87.86,+33.36,+84.75,+19.63,+2.08,+4.73,LLLLLLLLLL,LLLLLLLLLL,LLLLLLLLLL
447,2026/09/10 15:01:05,0,+19.55,+85.23,+34.52,+0.02,+89.10,+34.17,+83.71,+19.86,+2.15,+4.73,LLLLLLLLLL,LLLLLLLLLL,LLLLLLLLLL
448,2026/09/10 15:01:06,0,+19.36,+84.06,+33.69,+0.02,+87.30,+34.94,+85.32,+19.65,+2.06,+4.66,LLLLLLLLLL,LLLLLLLLLL,LLLLLLLLLL
449,2026/09/10 15:01:07,0,+19.46,+85.23,+34.27,+0.03,+88.12,+34.35,+88.63,+19.80,+2.09,+4.70,LLLLLLLLLL,LLLLLLLLLL,LLLLLLLLLL
450,2026/09/10 15:01:08,0,+19.72,+90.36,+33.77,+0.01,+86.62,+33.28,+86.56,+19.57,+2.15,+4.59,LLLLLLLLLL,LLLLLLLLLL,LLLLLLLLLL
451,2026/09/10 15:01:09,0,+19.68,+85.66,+197.32,+0.03,+88.61,+33.65,+87.70,+19.25,+2.11,+4.65,LLLLLLLLLL,LLLLLLLLLL,LLLLLLLLLL
452,2026/09/10 15:01:10,0,+20.08,+86.64,+198.75,+0.03,+86.55,+33.48,+87.31,+19.71,+2.07,+4.55,LLLLLLLLLL,LLLLLLLLLL,LLLLLLLLLL
453,2026/09/10 15:01:11,0,+19.97,+85.15,+33.61,+0.02,+87.59,+34.01,+86.60,+18.91,+2.08,+4.65,LLLLLLLLLL,LLLLLLLLLL,LLLLLLLLLL
454,2026/09/10 15:01:12,0,+19.35,+85.76,+33.77,+0.04,+86.95,+34.27,+86.06,+19.83,+2.12,+4.65,LLLLLLLLLL,LLLLLLLLLL,LLLLLLLLLL
455,2026/09/10 15:01:13,0,+19.50,+86.09,+34.81,+0.01,+88.78,+33.33,+87.31,+19.33,+2.04,+4.57,LLLLLLLLLL,LLLLLLLLLL,LLLLLLLLLL
456,2026/09/10 15:01:14,0,+19.67,+87.01,+33.31,+0.01,+88.39,+34.07,+89.20,+19.70,+2.15,+4.72,LLLLLLLLLL,LLLLLLLLLL,LLLLLLLLLL
457,2026/09/10 15:01:15,0,+19.30,+85.58,+34.51,+0.00,+88.25,+34.62,+87.15,+19.38,+2.10,+4.61,LLLLLLLLLL,LLLLLLLLLL,LLLLLLLLLL
458,2026/09/10 15:01:16,0,+19.53,+87.26,+34.31,+0.01,+90.19,+34.09,+84.72,+19.05,+2.12,+4.51,LLLLLLLLLL,LLLLLLLLLL,LLLLLLLLLL
459,2026/09/10 15:01:17,0,+19.81,+85.05,+34.71,+0.01,+88.79,+33.77,+84.35,+19.60,+2.09,+4.60,LLLLLLLLLL,LLLLLLLLLL,LLLLLLLLLL
460,2026/09/10 15:01:18,0,+19.80,+85.80,+33.55,+0.01,+88.76,+34.58,+86.98,+19.60,+2.10,+4.71,LLLLLLLLLL,LLLLLLLLLL,LLLLLLLLLL
461,2026/09/10 15:01:19,0,+19.79,+85.50,+34.42,+0.02,+88.91,+34.68,+86.30,+19.25,+2.11,+4.54,LLLLLLLLLL,LLLLLLLLLL,LLLLLLLLLL
462,2026/09/10 15:01:20,0,+19.68,+86.44,+34.76,+0.01,+87.43,+34.09,+85.00,+19.69,+2.12,+4.68,LLLLLLLLLL,LLLLLLLLLL,LLLLLLLLLL
463,2026/09/10 15:01:21,0,+20.07,+86.34,+35.56,+0.01,+87.51,+33.91,+88.19,+19.54,+2.17,+4.60,LLLLLLLLLL,LLLLLLLLLL,LLLLLLLLLL
464,2026/09/10 15:01:22,0,+19.28,+87.93,+34.40,+0.03,+87.64,+34.18,+86.10,+19.33,+2.12,+4.61,LLLLLLLLLL,LLLLLLLLLL,LLLLLLLLLL
465,2026/09/10 15:01:23,0,+19.95,+87.14,+34.39,+0.00,+85.89,+34.80,+87.46,+19.60,+2.12,+4.60,LLLLLLLLLL,LLLLLLLLLL,LLLLLLLLLL
466,2026/09/10 15:01:24,0,+19.80,+86.03,+34.05,+0.03,+86.11,+33.61,+87.98,+19.48,+2.09,+4.63,LLLLLLLLLL,LLLLLLLLLL,LLLLLLLLLL
467,2026/09/10 15:01:25,0,+19.73,+85.34,+34.92,+0.04,+88.11,+34.25,+84.97,+19.35,+2.13,+4.62,LLLLLLLLLL,LLLLLLLLLL,LLLLLLLLLL
468,2026/09/10 15:01:26,0,+19.67,+85.59,+33.83,+0.03,+89.38,+34.78,+86.60,+19.54,+2.09,+4.73,LLLLLLLLLL,LLLLLLLLLL,LLLLLLLLLL
469,2026/09/10 15:01:27,0,+28.12,+122.06,+48.78,+0.01,+125.19,+49.19,+122.91,+27.72,+3.02,+6.72,LLLLLLLLLL,LLLLLLLLLL,LLLLLLLLLL
470,2026/09/10 15:01:28,0,+27.53,+122.70,+48.01,+0.00,+123.65,+47.58,+124.79,+27.64,+3.00,+6.73,LLLLLLLLLL,LLLLLLLLLL,LLLLLLLLLL
471,2026/09/10 15:01:29,0,+28.01,+124.42,+48.02,+0.02,+124.22,+48.70,+125.57,+27.44,+2.95,+6.67,LLLLLLLLLL,LLLLLLLLLL,LLLLLLLLLL
472,2026/09/10 15:01:30,0,+28.31,+124.18,+48.56,+0.01,+123.33,+49.02,+124.23,+27.91,+3.03,+6.66,LLLLLLLLLL,LLLLLLLLLL,LLLLLLLLLL
473,2026/09/10 15:01:31,0,+27.68,+124.61,+48.79,+0.00,+127.70,+49.04,+124.36,+27.63,+2.97,+6.68,LLLLLLLLLL,LLLLLLLLLL,LLLLLLLLLL
474,2026/09/10 15:01:32,0,+28.42,+121.53,+199.57,+0.01,+125.35,+49.39,+123.64,+27.94,+3.10,+6.70,LLLLLLLLLL,LLLLLLLLLL,LLLLLLLLLL
475,2026/09/10 15:01:33,0,+28.23,+123.95,+47.70,+0.02,+126.07,+48.07,+124.71,+27.83,+3.02,+6.67,LLLLLLLLLL,LLLLLLLLLL,LLLLLLLLLL
476,2026/09/10 15:01:34,0,+28.59,+121.75,+49.28,+0.03,+126.84,+48.46,+122.77,+27.85,+3.02,+6.66,LLLLLLLLLL,LLLLLLLLLL,LLLLLLLLLL
477,2026/09/10 15:01:35,0,+28.02,+123.31,+47.88,+0.02,+124.86,+48.88,+121.53,+28.08,+2.93,+6.75,LLLLLLLLLL,LLLLLLLLLL,LLLLLLLLLL
478,2026/09/10 15:01:36,0,+28.10,+122.46,+48.31,+0.02,+125.32,+48.80,+124.86,+27.80,+3.08,+6.67,LLLLLLLLLL,LLLLLLLLLL,LLLLLLLLLL
479,2026/09/10 15:01:37,0,+28.02,+123.41,+48.74,+0.03,+125.50,+49.60,+124.58,+27.65,+2.96,+6.68,LLLLLLLLLL,LLLLLLLLLL,LLLLLLLLLL
480,2026/09/10 15:01:38,0,+27.72,+124.37,+49.00,+0.02,+126.76,+48.09,+125.12,+27.85,+2.91,+6.75,LLLLLLLLLL,LLLLLLLLLL,LLLLLLLLLL
481,2026/09/10 15:01:39,0,+36.59,+159.38,+63.37,+0.02,+163.39,+63.79,+161.85,+36.31,+3.91,+8.82,LLLLLLLLLL,LLLLLLLLLL,LLLLLLLLLL
482,2026/09/10 15:01:40,0,+36.71,+158.81,+63.47,+0.01,+163.62,+63.46,+159.66,+49.31,+3.82,+8.61,LLLLLLLLLL,LLLLLLLLLL,LLLLLLLLLL
483,2026/09/10 15:01:41,0,+37.12,+158.92,+62.40,+0.02,+162.38,+63.09,+159.80,+49.63,+3.91,+8.65,LLLLLLLLLL,LLLLLLLLLL,LLLLLLLLLL
484,2026/09/10 15:01:42,0,+36.50,+161.11,+63.89,+0.03,+162.16,+63.38,+162.42,+36.86,+3.89,+8.74,LLLLLLLLLL,LLLLLLLLLL,LLLLLLLLLL
485,2026/09/10 15:01:43,0,+36.26,+160.07,+62.94,+0.01,+163.91,+63.43,+159.82,+35.85,+3.83,+8.70,LLLLLLLLLL,LLLLLLLLLL,LLLLLLLLLL
486,2026/09/10 15:01:44,0,+36.46,+158.46,+63.69,+0.04,+499.68,+62.31,+160.88,+36.07,+3.89,+8.65,LLLLLLLLLL,LLLLLLLLLL,LLLLLLLLLL
487,2026/09/10 15:01:45,0,+36.41,+160.12,+64.07,+0.03,+162.53,+63.28,+159.90,+36.14,+3.91,+8.85,LLLLLLLLLL,LLLLLLLLLL,LLLLLLLLLL
488,2026/09/10 15:01:46,0,+37.04,+160.61,+63.16,+0.05,+162.73,+63.53,+162.82,+36.37,+3.95,+8.74,LLLLLLLLLL,LLLLLLLLLL,LLLLLLLLLL
489,2026/09/10 15:01:47,0,+36.34,+163.05,+63.24,+0.03,+163.52,+63.75,+159.40,+36.32,+3.87,+8.63,LLLLLLLLLL,LLLLLLLLLL,LLLLLLLLLL
490,2026/09/10 15:01:48,0,+36.81,+158.28,+63.97,+0.03,+162.28,+63.34,+161.88,+36.66,+3.94,+8.61,LLLLLLLLLL,LLLLLLLLLL,LLLLLLLLLL
491,2026/09/10 15:01:49,0,+36.62,+159.78,+63.58,+0.01,+161.99,+63.50,+160.02,+36.43,+3.94,+8.69,LLLLLLLLLL,LLLLLLLLLL,LLLLLLLLLL
492,2026/09/10 15:01:50,0,+36.87,+158.77,+63.84,+0.04,+160.96,+63.47,+161.92,+36.16,+3.88,+8.70,LLLLLLLLLL,LLLLLLLLLL,LLLLLLLLLL
493,2026/09/10 15:01:51,0,+36.43,+161.19,+63.74,+0.03,+164.11,+63.40,+161.90,+36.49,+3.87,+8.65,LLLLLLLLLL,LLLLLLLLLL,LLLLLLLLLL
494,2026/09/10 15:01:52,0,+36.19,+158.91,+63.57,+0.03,+162.80,+63.29,+161.56,+36.14,+3.86,+8.68,LLLLLLLLLL,LLLLLLLLLL,LLLLLLLLLL
495,2026/09/10 15:01:53,0,+37.10,+158.96,+63.41,+0.03,+162.56,+63.37,+162.96,+35.84,+3.91,+8.70,LLLLLLLLLL,LLLLLLLLLL,LLLLLLLLLL
496,2026/09/10 15:01:54,0,+36.67,+160.10,+63.56,+0.03,+163.46,+63.65,+163.66,+36.63,+3.88,+8.66,LLLLLLLLLL,LLLLLLLLLL,LLLLLLLLLL
497,2026/09/10 15:01:55,0,+37.01,+159.09,+64.10,+0.02,+163.20,+62.87,+156.49,+36.16,+3.89,+8.67,LLLLLLLLLL,LLLLLLLLLL,LLLLLLLLLL
498,2026/09/10 15:01:56,0,+37.03,+161.32,+63.82,+0.02,+161.97,+62.95,+160.96,+35.88,+3.92,+8.59,LLLLLLLLLL,LLLLLLLLLL,LLLLLLLLLL
499,2026/09/10 15:01:57,0,+36.37,+162.19,+62.94,+0.03,+162.75,+63.11,+160.48,+36.70,+3.94,+8.76,LLLLLLLLLL,LLLLLLLLLL,LLLLLLLLLL
500,2026/09/10 15:01:58,0,+36.70,+158.24,+62.79,+0.04,+163.85,+63.09,+162.37,+36.32,+3.91,+8.60,LLLLLLLLLL,LLLLLLLLLL,LLLLLLLLLL
501,2026/09/10 15:01:59,0,+36.75,+160.63,+63.79,+0.02,+163.28,+62.85,+162.49,+36.34,+3.87,+8.78,LLLLLLLLLL,LLLLLLLLLL,LLLLLLLLLL
502,2026/09/10 15:02:00,0,+36.54,+161.05,+62.20,+0.03,+164.42,+63.31,+159.23,+35.73,+3.86,+8.76,LLLLLLLLLL,LLLLLLLLLL,LLLLLLLLLL
503,2026/09/10 15:02:01,0,+36.79,+158.96,+62.78,+0.02,+163.99,+63.37,+161.13,+36.57,+3.85,+8.64,LLLLLLLLLL,LLLLLLLLLL,LLLLLLLLLL
504,2026/09/10 15:02:02,0,+36.89,+160.51,+63.03,+0.03,+163.75,+63.96,+160.29,+35.75,+3.95,+8.78,LLLLLLLLLL,LLLLLLLLLL,LLLLLLLLLL
505,2026/09/10 15:02:03,0,+36.33,+161.17,+63.84,+0.03,+161.19,+62.87,+161.87,+36.65,+3.90,+8.70,LLLLLLLLLL,LLLLLLLLLL,LLLLLLLLLL
506,2026/09/10 15:02:04,0,+37.04,+286.90,+64.05,+0.02,+165.23,+63.12,+162.61,+35.97,+3.94,+8.62,LLLLLLLLLL,LLLLLLLLLL,LLLLLLLLLL
507,2026/09/10 15:02:05,0,+36.59,+252.21,+63.46,+0.03,+163.38,+64.29,+159.84,+35.80,+3.96,+8.71,LLLLLLLLLL,LLLLLLLLLL,LLLLLLLLLL
508,2026/09/10 15:02:06,0,+36.50,+159.36,+63.17,+0.01,+164.04,+62.81,+161.19,+36.59,+3.85,+8.63,LLLLLLLLLL,LLLLLLLLLL,LLLLLLLLLL
509,2026/09/10 15:02:07,0,+36.44,+159.62,+63.44,+0.03,+165.19,+63.52,+159.94,+35.60,+3.97,+8.64,LLLLLLLLLL,LLLLLLLLLL,LLLLLLLLLL
510,2026/09/10 15:02:08,0,+36.18,+159.02,+65.06,+0.02,+163.57,+62.64,+159.16,+36.30,+3.94,+8.64,LLLLLLLLLL,LLLLLLLLLL,LLLLLLLLLL
511,2026/09/10 15:02:09,0,+36.98,+162.11,-198.60,+0.04,+160.83,+63.37,+162.65,+35.96,+3.93,+8.71,LLLLLLLLLL,LLLLLLLLLL,LLLLLLLLLL
512,2026/09/10 15:02:10,0,+36.50,+159.91,-199.34,+0.02,+160.71,+63.19,+162.54,+36.60,+3.93,+8.69,LLLLLLLLLL,LLLLLLLLLL,LLLLLLLLLL
513,2026/09/10 15:02:11,0,+36.21,+158.97,+63.40,+0.04,+161.13,+63.55,+159.89,+36.02,+3.94,+8.75,LLLLLLLLLL,LLLLLLLLLL,LLLLLLLLLL
514,2026/09/10 15:02:12,0,+36.80,+160.44,+62.78,+0.04,+161.69,+63.15,+162.58,+49.95,+3.90,+8.79,LLLLLLLLLL,LLLLLLLLLL,LLLLLLLLLL
515,2026/09/10 15:02:13,0,+36.22,+158.94,+63.53,+0.05,+164.63,+63.58,+159.64,+35.64,+3.86,+8.71,LLLLLLLLLL,LLLLLLLLLL,LLLLLLLLLL
516,2026/09/10 15:02:14,0,+36.41,+158.66,+63.25,+0.00,+164.01,+63.48,+162.19,+36.20,+3.90,+8.76,LLLLLLLLLL,LLLLLLLLLL,LLLLLLLLLL
517,2026/09/10 15:02:15,0,+36.56,+160.08,+63.45,+0.03,+163.57,+64.25,+159.90,+36.58,+3.84,+8.68,LLLLLLLLLL,LLLLLLLLLL,LLLLLLLLLL
518,2026/09/10 15:02:16,0,+35.90,+157.79,+62.83,+0.04,-495.26,+62.84,+161.21,+36.75,+3.86,+8.63,LLLLLLLLLL,LLLLLLLLLL,LLLLLLLLLL
519,2026/09/10 15:02:17,0,+36.74,+159.39,+63.73,+0.03,-496.07,+62.68,+161.02,+36.58,+3.86,+8.67,LLLLLLLLLL,LLLLLLLLLL,LLLLLLLLLL
520,2026/09/10 15:02:18,0,+36.62,+158.35,+63.67,+0.03,-496.97,+63.19,+158.13,+36.68,+3.88,+8.70,LLLLLLLLLL,LLLLLLLLLL,LLLLLLLLLL
521,2026/09/10 15:02:19,0,+36.21,+160.20,+64.09,+0.03,+161.33,+63.53,+160.75,+36.21,+3.88,+8.79,LLLLLLLLLL,LLLLLLLLLL,LLLLLLLLLL
522,2026/09/10 15:02:20,0,+37.20,+159.42,+62.91,+0.02,+162.70,+63.64,+161.03,+36.13,+3.82,+8.61,LLLLLLLLLL,LLLLLLLLLL,LLLLLLLLLL
523,2026/09/10 15:02:21,0,+36.33,+159.43,+63.18,+0.04,+164.10,+62.97,+159.72,+36.02,+3.87,+8.66,LLLLLLLLLL,LLLLLLLLLL,LLLLLLLLLL
524,2026/09/10 15:02:22,0,+35.92,+157.91,+63.99,+0.03,+163.87,+64.14,+160.52,+35.83,+3.90,+8.69,LLLLLLLLLL,LLLLLLLLLL,LLLLLLLLLL
525,2026/09/10 15:02:23,0,+36.44,+161.03,+63.78,+0.02,+160.44,+63.22,+162.50,+36.32,+3.84,+8.73,LLLLLLLLLL,LLLLLLLLLL,LLLLLLLLLL
526,2026/09/10 15:02:24,0,+36.35,+159.28,+63.73,+0.00,+162.86,+62.49,+161.06,+36.31,+3.88,+8.65,LLLLLLLLLL,LLLLLLLLLL,LLLLLLLLLL
527,2026/09/10 15:02:25,0,+36.62,+159.26,+63.79,+0.03,+165.18,+63.34,+160.52,+36.24,+3.91,+8.64,LLLLLLLLLL,LLLLLLLLLL,LLLLLLLLLL
528,2026/09/10 15:02:26,0,+36.33,+157.52,+63.90,+0.01,+162.22,+63.23,+159.47,+36.39,+3.82,+8.60,LLLLLLLLLL,LLLLLLLLLL,LLLLLLLLLL
529,2026/09/10 15:02:27,0,+28.08,+124.35,+49.80,+0.03,+124.42,+48.53,+122.99,+27.49,+2.98,+6.63,LLLLLLLLLL,LLLLLLLLLL,LLLLLLLLLL
530,2026/09/10 15:02:28,0,+28.32,+122.43,+49.74,+0.03,+125.61,+48.76,+123.85,+27.76,+3.00,+6.84,LLLLLLLLLL,LLLLLLLLLL,LLLLLLLLLL
531,2026/09/10 15:02:29,0,+28.06,+122.40,+48.65,+0.02,+127.35,+48.79,+123.59,+28.10,+3.04,+6.66,LLLLLLLLLL,LLLLLLLLLL,LLLLLLLLLL
532,2026/09/10 15:02:30,0,+27.86,+124.74,+49.26,-0.00,+123.93,+48.24,+122.74,+27.42,+3.06,+6.79,LLLLLLLLLL,LLLLLLLLLL,LLLLLLLLLL
533,2026/09/10 15:02:31,0,+28.15,+121.76,+48.01,+0.01,+125.98,+48.17,+123.10,+27.61,+3.02,+6.69,LLLLLLLLLL,LLLLLLLLLL,LLLLLLLLLL
534,2026/09/10 15:02:32,0,+27.98,+122.88,+49.08,+0.02,+125.06,+48.18,+122.83,+28.06,+3.07,+6.64,LLLLLLLLLL,LLLLLLLLLL,LLLLLLLLLL
535,2026/09/10 15:02:33,0,+28.27,+123.97,+49.05,+0.02,+123.45,+49.68,+125.80,+27.55,+3.08,+6.78,LLLLLLLLLL,LLLLLLLLLL,LLLLLLLLLL
536,2026/09/10 15:02:34,0,+27.81,+122.99,+49.04,+0.01,+125.38,+48.54,+125.68,+27.79,+3.02,+6.75,LLLLLLLLLL,LLLLLLLLLL,LLLLLLLLLL
537,2026/09/10 15:02:35,0,+28.00,+122.77,+50.18,+0.04,+125.01,+49.23,+123.99,+27.41,+2.97,+6.67,LLLLLLLLLL,LLLLLLLLLL,LLLLLLLLLL
538,2026/09/10 15:02:36,0,+28.21,+123.33,+49.34,+0.01,+125.64,+49.24,+124.53,+27.59,+2.99,+6.59,LLLLLLLLLL,LLLLLLLLLL,LLLLLLLLLL
539,2026/09/10 15:02:37,0,+28.22,+123.32,+48.91,-0.00,+124.72,+48.46,+125.85,+28.54,+3.00,+6.70,LLLLLLLLLL,LLLLLLLLLL,LLLLLLLLLL
540,2026/09/10 15:02:38,0,+28.37,+122.55,+47.96,+0.03,+125.31,+48.91,+125.18,+27.56,+3.02,+6.76,LLLLLLLLLL,LLLLLLLLLL,LLLLLLLLLL
541,2026/09/10 15:02:39,0,+19.48,+86.69,+34.38,+0.02,+86.92,+34.37,+85.76,+19.61,+2.03,+4.75,LLLLLLLLLL,LLLLLLLLLL,LLLLLLLLLL
542,2026/09/10 15:02:40,0,+19.29,+87.20,+35.11,+0.01,+89.59,+33.64,+87.23,+19.58,+2.09,+4.69,LLLLLLLLLL,LLLLLLLLLL,LLLLLLLLLL
543,2026/09/10 15:02:41,0,+20.17,+85.65,+33.05,+0.01,+86.33,+33.68,+86.40,+19.30,+2.11,+4.74,LLLLLLLLLL,LLLLLLLLLL,LLLLLLLLLL
544,2026/09/10 15:02:42,0,+19.39,+86.88,+34.53,+0.01,+87.86,+34.38,+87.90,+19.61,+2.11,+4.63,LLLLLLLLLL,LLLLLLLLLL,LLLLLLLLLL
545,2026/09/10 15:02:43,0,+19.51,+88.65,+34.02,+0.01,+87.22,+34.05,+83.86,+18.78,+2.10,+4.73,LLLLLLLLLL,LLLLLLLLLL,LLLLLLLLLL
546,2026/09/10 15:02:44,0,+19.81,+87.01,+34.64,+0.02,+87.37,+32.97,+83.31,+20.01,+2.05,+4.70,LLLLLLLLLL,LLLLLLLLLL,LLLLLLLLLL
547,2026/09/10 15:02:45,0,+19.72,+85.90,+33.84,+0.02,+87.63,+33.74,+87.30,+19.29,+2.10,+4.68,LLLLLLLLLL,LLLLLLLLLL,LLLLLLLLLL
548,2026/09/10 15:02:46,0,+19.73,+84.79,+33.99,+0.01,+86.96,+33.65,+87.08,+19.13,+2.06,+4.84,LLLLLLLLLL,LLLLLLLLLL,LLLLLLLLLL
549,2026/09/10 15:02:47,0,+19.40,+85.37,+34.63,+0.02,+85.35,+33.87,+87.44,+49.36,+2.05,+4.70,LLLLLLLLLL,LLLLLLLLLL,LLLLLLLLLL
550,2026/09/10 15:02:48,0,+19.47,+84.98,+34.26,+0.03,+89.64,+33.32,+85.69,+49.33,+2.17,+4.55,LLLLLLLLLL,LLLLLLLLLL,LLLLLLLLLL
551,2026/09/10 15:02:49,0,+19.73,+85.50,+34.57,+0.01,+87.19,+34.10,+84.92,+49.99,+2.03,+4.73,LLLLLLLLLL,LLLLLLLLLL,LLLLLLLLLL
552,2026/09/10 15:02:50,0,+19.89,+87.58,+34.60,+0.01,+89.05,+34.19,+86.13,+19.60,+2.10,+4.88,LLLLLLLLLL,LLLLLLLLLL,LLLLLLLLLL
553,2026/09/10 15:02:51,0,+19.43,+87.51,+34.23,+0.02,+86.66,+33.99,+84.57,+19.28,+2.13,+4.59,LLLLLLLLLL,LLLLLLLLLL,LLLLLLLLLL
554,2026/09/10 15:02:52,0,+19.60,+88.31,+35.45,+0.03,+88.91,+33.84,+85.35,+19.36,+2.14,+4.69,LLLLLLLLLL,LLLLLLLLLL,LLLLLLLLLL
555,2026/09/10 15:02:53,0,+19.62,+85.03,+33.93,+0.01,+87.10,+33.72,+87.84,+19.88,+2.11,+4.67,LLLLLLLLLL,LLLLLLLLLL,LLLLLLLLLL
556,2026/09/10 15:02:54,0,+19.56,+85.76,+34.47,+0.01,+87.79,+34.21,+86.32,+19.35,+2.10,+4.72,LLLLLLLLLL,LLLLLLLLLL,LLLLLLLLLL
557,2026/09/10 15:02:55,0,+19.33,+83.85,+35.22,+0.02,+86.17,+33.32,+86.08,+19.65,+2.15,+4.64,LLLLLLLLLL,LLLLLLLLLL,LLLLLLLLLL
558,2026/09/10 15:02:56,0,+19.79,+87.19,+33.69,+0.01,+86.06,+34.97,+85.49,+18.92,+2.10,+4.70,LLLLLLLLLL,LLLLLLLLLL,LLLLLLLLLL
559,2026/09/10 15:02:57,0,+19.39,+88.23,+34.18,+0.02,+86.83,+198.02,+86.07,+19.60,+2.15,+4.57,LLLLLLLLLL,LLLLLLLLLL,LLLLLLLLLL
560,2026/09/10 15:02:58,0,+19.93,+84.71,+34.49,+0.05,+89.17,+198.76,+87.02,+19.44,+2.15,+4.76,LLLLLLLLLL,LLLLLLLLLL,LLLLLLLLLL
561,2026/09/10 15:02:59,0,+19.44,+88.54,+33.16,+0.01,+89.20,+34.81,+87.36,+19.46,+2.09,+4.65,LLLLLLLLLL,LLLLLLLLLL,LLLLLLLLLL
562,2026/09/10 15:03:00,0,+20.20,+86.34,+33.96,+0.03,+88.24,+34.22,+85.16,+19.00,+2.15,+4.83,LLLLLLLLLL,LLLLLLLLLL,LLLLLLLLLL
563,2026/09/10 15:03:01,0,+19.80,+87.01,+34.55,+0.01,+89.90,+34.19,+86.93,+19.55,+2.05,+4.76,LLLLLLLLLL,LLLLLLLLLL,LLLLLLLLLL
564,2026/09/10 15:03:02,0,+19.26,+84.55,+34.75,+0.01,+87.69,+33.87,+89.11,+19.52,+2.13,+4.64,LLLLLLLLLL,LLLLLLLLLL,LLLLLLLLLL
565,2026/09/10 15:03:03,0,+19.65,+86.78,+34.24,-0.02,+86.97,+34.39,+85.77,+19.64,+2.02,+4.75,LLLLLLLLLL,LLLLLLLLLL,LLLLLLLLLL
566,2026/09/10 15:03:04,0,+19.63,+87.52,+34.67,+0.01,+87.27,+33.83,+87.27,+19.86,+2.14,+4.76,LLLLLLLLLL,LLLLLLLLLL,LLLLLLLLLL
567,2026/09/10 15:03:05,0,+19.61,+85.11,+34.24,+0.00,+88.52,+33.68,+86.41,+19.05,+2.20,+4.59,LLLLLLLLLL,LLLLLLLLLL,LLLLLLLLLL
568,2026/09/10 15:03:06,0,+20.14,+86.53,+33.84,+0.02,+87.42,+33.83,+86.74,+19.50,+2.11,+4.61,LLLLLLLLLL,LLLLLLLLLL,LLLLLLLLLL
569,2026/09/10 15:03:07,0,+20.17,+86.36,+34.06,+0.01,+89.61,+33.81,+87.80,+19.27,+2.11,+4.63,LLLLLLLLLL,LLLLLLLLLL,LLLLLLLLLL
570,2026/09/10 15:03:08,0,+49.90,+86.05,+34.08,-0.00,+87.20,+34.03,+87.20,+19.99,+2.17,+4.51,LLLLLLLLLL,LLLLLLLLLL,LLLLLLLLLL
571,2026/09/10 15:03:09,0,+20.11,+87.74,+34.39,+0.01,+89.11,+34.18,+87.48,+19.41,+2.10,+4.70,LLLLLLLLLL,LLLLLLLLLL,LLLLLLLLLL
572,2026/09/10 15:03:10,0,+19.51,+86.01,+34.34,+0.01,+88.48,+32.88,+85.43,+19.82,+2.00,+4.76,LLLLLLLLLL,LLLLLLLLLL,LLLLLLLLLL
573,2026/09/10 15:03:11,0,+19.35,+86.99,+33.99,+0.04,+88.72,+34.30,+86.10,+19.25,+2.11,+4.70,LLLLLLLLLL,LLLLLLLLLL,LLLLLLLLLL
574,2026/09/10 15:03:12,0,+19.95,+87.36,+33.53,+0.02,+86.52,+33.98,+87.94,+19.39,+2.06,+4.73,LLLLLLLLLL,LLLLLLLLLL,LLLLLLLLLL
575,2026/09/10 15:03:13,0,+19.52,+83.74,+35.00,+0.00,+84.88,+34.40,+85.59,+18.98,+2.09,+4.69,LLLLLLLLLL,LLLLLLLLLL,LLLLLLLLLL
576,2026/09/10 15:03:14,0,+19.85,+85.92,+34.57,+0.02,+87.99,+34.15,+87.17,+19.70,+2.06,+4.70,LLLLLLLLLL,LLLLLLLLLL,LLLLLLLLLL
577,2026/09/10 15:03:15,0,+19.79,+85.32,+34.30,+0.02,+87.11,+33.06,+88.00,+18.97,+2.16,+4.51,LLLLLLLLLL,LLLLLLLLLL,LLLLLLLLLL
578,2026/09/10 15:03:16,0,+19.51,+85.51,+34.64,+0.01,+88.30,+34.15,+87.68,+19.47,+2.12,+4.73,LLLLLLLLLL,LLLLLLLLLL,LLLLLLLLLL
579,2026/09/10 15:03:17,0,+19.82,+85.12,+34.68,+0.01,+88.45,+33.81,+86.10,+19.71,+2.09,+4.69,LLLLLLLLLL,LLLLLLLLLL,LLLLLLLLLL
580,2026/09/10 15:03:18,0,+20.12,+85.38,+34.39,+0.02,+87.13,+33.12,+86.50,+19.53,+2.12,+4.67,LLLLLLLLLL,LLLLLLLLLL,LLLLLLLLLL
581,2026/09/10 15:03:19,0,+19.61,+83.72,+33.81,+0.00,+86.81,+33.74,+87.13,+18.86,+2.10,+4.62,LLLLLLLLLL,LLLLLLLLLL,LLLLLLLLLL
582,2026/09/10 15:03:20,0,+19.78,+85.21,+33.95,+0.03,+87.89,+33.47,+85.78,+19.37,+2.16,+4.60,LLLLLLLLLL,LLLLLLLLLL,LLLLLLLLLL
583,2026/09/10 15:03:21,0,+19.49,+84.55,+34.90,+0.03,+85.30,+34.36,+85.69,+19.82,+2.12,+4.67,LLLLLLLLLL,LLLLLLLLLL,LLLLLLLLLL
584,2026/09/10 15:03:22,0,+19.88,+85.01,+33.61,+0.02,+87.32,+34.73,+86.13,+19.63,+2.16,+4.69,LLLLLLLLLL,LLLLLLLLLL,LLLLLLLLLL
585,2026/09/10 15:03:23,0,+19.35,+86.84,+34.05,+0.00,+87.70,+34.21,+88.30,+19.40,+2.08,+4.60,LLLLLLLLLL,LLLLLLLLLL,LLLLLLLLLL
586,2026/09/10 15:03:24,0,+19.76,+87.60,+34.70,+0.03,+88.44,+34.39,+85.14,+19.17,+2.11,+4.76,LLLLLLLLLL,LLLLLLLLLL,LLLLLLLLLL
587,2026/09/10 15:03:25,0,+19.45,+86.52,+33.84,+0.00,+495.04,+33.56,+87.15,+19.59,+2.14,+4.61,LLLLLLLLLL,LLLLLLLLLL,LLLLLLLLLL
588,2026/09/10 15:03:26,0,+19.56,+86.58,+34.20,+0.02,+498.00,+34.37,+87.21,+19.34,+2.11,+4.67,LLLLLLLLLL,LLLLLLLLLL,LLLLLLLLLL
589,2026/09/10 15:03:27,0,+27.56,+121.81,+48.58,+0.02,+496.53,+48.40,+126.13,+27.54,+2.91,+6.73,LLLLLLLLLL,LLLLLLLLLL,LLLLLLLLLL
590,2026/09/10 15:03:28,0,+27.80,+121.85,+49.09,+0.03,+125.93,+47.78,+495.86,+27.74,+2.99,+6.60,LLLLLLLLLL,LLLLLLLLLL,LLLLLLLLLL
591,2026/09/10 15:03:29,0,+27.66,+122.75,+48.24,+0.02,+126.50,+48.57,+496.76,+28.01,+2.96,+6.51,LLLLLLLLLL,LLLLLLLLLL,LLLLLLLLLL
592,2026/09/10 15:03:30,0,+27.94,+122.76,+49.29,+0.01,+124.24,+48.78,+495.17,+27.62,+3.05,+6.65,LLLLLLLLLL,LLLLLLLLLL,LLLLLLLLLL
593,2026/09/10 15:03:31,0,+28.19,+123.56,+49.02,+0.01,+124.85,+49.21,+123.28,+27.80,+3.03,+6.68,LLLLLLLLLL,LLLLLLLLLL,LLLLLLLLLL
594,2026/09/10 15:03:32,0,+27.84,+123.35,+48.43,+0.02,+125.80,+48.47,+124.61,+27.73,+3.04,+6.75,LLLLLLLLLL,LLLLLLLLLL,LLLLLLLLLL
595,2026/09/10 15:03:33,0,+27.76,+123.33,+48.18,+0.03,+124.29,+48.11,+122.59,+27.46,+2.97,+6.65,LLLLLLLLLL,LLLLLLLLLL,LLLLLLLLLL
596,2026/09/10 15:03:34,0,+27.91,+125.10,+49.38,+0.02,+125.04,+48.82,+124.43,+27.72,+2.97,+6.70,LLLLLLLLLL,LLLLLLLLLL,LLLLLLLLLL
597,2026/09/10 15:03:35,0,+28.18,+122.82,+48.78,+0.01,+126.74,+48.60,+126.23,+27.83,+2.95,+6.79,LLLLLLLLLL,LLLLLLLLLL,LLLLLLLLLL
598,2026/09/10 15:03:36,0,+27.70,+123.62,+47.75,+0.03,+125.67,+48.35,+268.30,+27.85,+2.99,+6.61,LLLLLLLLLL,LLLLLLLLLL,LLLLLLLLLL
599,2026/09/10 15:03:37,0,+27.99,+124.73,+48.59,+0.03,+126.28,+48.75,+125.13,+28.12,+3.00,+6.71,LLLLLLLLLL,LLLLLLLLLL,LLLLLLLLLL
600,2026/09/10 15:03:38,0,+28.50,+123.16,+49.83,+0.01,+127.51,+49.17,+124.77,+27.87,+3.04,+6.76,LLLLLLLLLL,LLLLLLLLLL,LLLLLLLLLL
601,2026/09/10 15:03:39,0,+36.42,+159.47,+62.86,+0.02,+162.65,+63.17,+162.86,+35.86,+3.89,+8.61,LLLLLLLLLL,LLLLLLLLLL,LLLLLLLLLL
602,2026/09/10 15:03:40,0,+36.76,+158.20,+63.55,+0.02,+165.07,+64.65,+161.47,+36.33,+3.86,+8.62,LLLLLLLLLL,LLLLLLLLLL,LLLLLLLLLL
603,2026/09/10 15:03:41,0,+36.20,+158.13,+63.94,+0.02,+162.76,+62.65,+161.44,+35.98,+3.94,+8.69,LLLLLLLLLL,LLLLLLLLLL,LLLLLLLLLL
604,2026/09/10 15:03:42,0,+36.97,+160.63,+63.24,+0.03,+161.34,+63.31,+162.24,+35.89,+3.86,+8.59,LLLLLLLLLL,LLLLLLLLLL,LLLLLLLLLL
605,2026/09/10 15:03:43,0,+35.88,+159.94,+62.84,+0.03,+163.46,+63.50,+163.80,+36.63,+3.95,+8.58,LLLLLLLLLL,LLLLLLLLLL,LLLLLLLLLL
606,2026/09/10 15:03:44,0,+35.82,+160.62,+63.58,+0.02,+162.61,+62.41,+161.17,+49.29,+4.01,+8.64,LLLLLLLLLL,LLLLLLLLLL,LLLLLLLLLL
607,2026/09/10 15:03:45,0,+36.65,+159.43,+63.39,+0.03,+161.36,+63.28,+161.65,+49.38,+3.88,+8.60,LLLLLLLLLL,LLLLLLLLLL,LLLLLLLLLL
608,2026/09/10 15:03:46,0,+36.45,+158.82,+197.60,+0.03,+162.33,+62.53,+161.53,+36.00,+3.80,+8.64,LLLLLLLLLL,LLLLLLLLLL,LLLLLLLLLL
609,2026/09/10 15:03:47,0,+36.54,+158.35,+63.72,+0.02,+162.17,+62.90,+159.67,+36.41,+3.91,+8.67,LLLLLLLLLL,LLLLLLLLLL,LLLLLLLLLL
610,2026/09/10 15:03:48,0,+36.32,+159.90,+64.32,+0.02,+163.93,+62.85,+160.27,+36.57,+3.92,+8.78,LLLLLLLLLL,LLLLLLLLLL,LLLLLLLLLL
611,2026/09/10 15:03:49,0,+36.71,+159.03,+197.56,+0.03,+165.32,+62.84,+159.94,+36.45,+3.90,+8.71,LLLLLLLLLL,LLLLLLLLLL,LLLLLLLLLL
612,2026/09/10 15:03:50,0,+36.10,+158.98,+63.55,+0.04,+163.58,+64.58,-498.88,+36.42,+3.94,+8.68,LLLLLLLLLL,LLLLLLLLLL,LLLLLLLLLL
613,2026/09/10 15:03:51,0,+36.84,+162.13,+63.80,+0.03,+163.68,+63.12,-499.31,+36.28,+3.90,+8.57,LLLLLLLLLL,LLLLLLLLLL,LLLLLLLLLL
614,2026/09/10 15:03:52,0,+37.12,+161.17,+63.61,+0.02,+162.16,+63.56,+160.81,+35.72,+3.86,+8.53,LLLLLLLLLL,LLLLLLLLLL,LLLLLLLLLL
615,2026/09/10 15:03:53,0,+35.96,+159.02,+62.77,+0.04,+162.32,+62.74,+161.80,+36.03,+3.86,+8.64,LLLLLLLLLL,LLLLLLLLLL,LLLLLLLLLL
616,2026/09/10 15:03:54,0,+36.72,+160.93,+63.23,+0.02,+163.74,+63.41,+160.12,+36.32,+3.88,+8.72,LLLLLLLLLL,LLLLLLLLLL,LLLLLLLLLL
617,2026/09/10 15:03:55,0,+37.07,+159.08,+63.36,+0.03,+163.74,+62.56,+161.03,+36.02,+3.89,+8.81,LLLLLLLLLL,LLLLLLLLLL,LLLLLLLLLL
618,2026/09/10 15:03:56,0,+36.63,+160.61,+63.39,+0.04,+164.61,+64.31,+162.24,+35.93,+3.88,+8.69,LLLLLLLLLL,LLLLLLLLLL,LLLLLLLLLL
619,2026/09/10 15:03:57,0,+36.39,+160.62,+64.33,+0.03,+162.70,+63.55,+161.38,+36.09,+3.90,+8.79,LLLLLLLLLL,LLLLLLLLLL,LLLLLLLLLL
620,2026/09/10 15:03:58,0,+36.26,+156.84,+62.53,+0.02,+162.37,+63.46,+162.28,+35.81,+3.85,+8.60,LLLLLLLLLL,LLLLLLLLLL,LLLLLLLLLL
621,2026/09/10 15:03:59,0,+36.63,+159.45,+64.34,+0.03,+166.09,+63.05,+158.99,+35.63,+3.97,+8.69,LLLLLLLLLL,LLLLLLLLLL,LLLLLLLLLL
622,2026/09/10 15:04:00,0,+36.70,+159.94,+63.00,+0.03,+164.28,+63.36,+161.45,+36.10,+3.88,+8.56,LLLLLLLLLL,LLLLLLLLLL,LLLLLLLLLL
623,2026/09/10 15:04:01,0,+36.23,+158.94,+62.99,+0.01,+164.15,+64.14,+161.25,+36.30,+3.86,+8.62,LLLLLLLLLL,LLLLLLLLLL,LLLLLLLLLL
624,2026/09/10 15:04:02,0,+36.78,+159.11,+63.20,+0.02,+161.64,+63.15,+161.74,+36.19,+3.91,+8.76,LLLLLLLLLL,LLLLLLLLLL,LLLLLLLLLL
625,2026/09/10 15:04:03,0,+36.58,+159.38,+64.02,+0.03,+163.47,+63.39,+159.55,+36.71,+3.88,+8.63,LLLLLLLLLL,LLLLLLLLLL,LLLLLLLLLL
626,2026/09/10 15:04:04,0,+35.87,+159.38,+63.98,+0.02,+164.66,+62.63,+160.48,+36.41,+3.89,+8.61,LLLLLLLLLL,LLLLLLLLLL,LLLLLLLLLL
627,2026/09/10 15:04:05,0,+36.68,+158.39,+63.37,+0.02,+164.14,+63.87,+159.70,+36.28,+3.91,+8.59,LLLLLLLLLL,LLLLLLLLLL,LLLLLLLLLL
628,2026/09/10 15:04:06,0,+35.95,+159.41,+63.34,+0.01,+164.35,+63.32,+160.63,+36.42,+3.91,+8.74,LLLLLLLLLL,LLLLLLLLLL,LLLLLLLLLL
629,2026/09/10 15:04:07,0,+36.38,+158.39,+63.44,+0.01,+162.85,+63.46,+163.69,+35.54,+3.85,+8.72,LLLLLLLLLL,LLLLLLLLLL,LLLLLLLLLL
630,2026/09/10 15:04:08,0,+36.88,+159.99,+63.49,+0.05,+161.91,+62.76,+160.78,+35.65,+3.93,+8.67,LLLLLLLLLL,LLLLLLLLLL,LLLLLLLLLL
631,2026/09/10 15:04:09,0,+36.61,+158.01,+63.48,+0.02,+162.50,+62.67,+159.94,+36.26,+3.90,+8.67,LLLLLLLLLL,LLLLLLLLLL,LLLLLLLLLL
632,2026/09/10 15:04:10,0,+36.31,+158.08,+64.08,+0.02,+493.02,+63.06,+159.51,+36.55,+3.88,+8.56,LLLLLLLLLL,LLLLLLLLLL,LLLLLLLLLL
633,2026/09/10 15:04:11,0,+36.72,+161.65,+63.68,+0.04,+499.04,+63.55,+160.17,+35.66,+3.96,+8.61,LLLLLLLLLL,LLLLLLLLLL,LLLLLLLLLL
634,2026/09/10 15:04:12,0,+36.39,+161.23,+63.94,+0.02,+496.72,+63.46,+160.92,+35.67,+3.92,+8.73,LLLLLLLLLL,LLLLLLLLLL,LLLLLLLLLL
635,2026/09/10 15:04:13,0,+36.83,+161.30,+63.11,+0.02,+305.22,+63.34,+161.99,+36.36,+3.86,+8.68,LLLLLLLLLL,LLLLLLLLLL,LLLLLLLLLL
636,2026/09/10 15:04:14,0,+36.32,+160.24,+62.80,+0.04,+200.43,+62.59,+161.79,+36.16,+3.88,+8.68,LLLLLLLLLL,LLLLLLLLLL,LLLLLLLLLL
637,2026/09/10 15:04:15,0,+36.39,+160.58,+63.48,+0.03,+278.68,+62.65,+162.07,+36.20,+3.88,+8.72,LLLLLLLLLL,LLLLLLLLLL,LLLLLLLLLL
638,2026/09/10 15:04:16,0,+36.62,+162.80,+64.00,+0.01,+161.09,+63.27,+162.55,+36.01,+3.94,+8.64,LLLLLLLLLL,LLLLLLLLLL,LLLLLLLLLL
639,2026/09/10 15:04:17,0,+36.93,+157.30,+63.61,+0.02,+161.70,+61.99,+162.05,+35.89,+3.87,+8.79,LLLLLLLLLL,LLLLLLLLLL,LLLLLLLLLL
640,2026/09/10 15:04:18,0,+36.56,+160.21,+63.60,+0.04,+164.66,+62.82,+162.28,+36.01,+3.88,+8.56,LLLLLLLLLL,LLLLLLLLLL,LLLLLLLLLL
641,2026/09/10 15:04:19,0,+36.65,+161.45,+63.55,+0.02,+162.88,+63.45,+164.43,+36.11,+3.86,+8.73,LLLLLLLLLL,LLLLLLLLLL,LLLLLLLLLL
642,2026/09/10 15:04:20,0,+36.52,+158.27,+63.27,+0.03,+162.62,+64.03,+161.83,+35.74,+3.93,+8.72,LLLLLLLLLL,LLLLLLLLLL,LLLLLLLLLL
643,2026/09/10 15:04:21,0,+36.92,+159.13,+64.12,+0.03,+161.55,+63.26,+161.25,+35.74,+3.89,+8.70,LLLLLLLLLL,LLLLLLLLLL,LLLLLLLLLL
644,2026/09/10 15:04:22,0,+36.02,+158.47,+63.78,+0.04,+163.83,+63.68,+161.18,+36.03,+3.86,+8.49,LLLLLLLLLL,LLLLLLLLLL,LLLLLLLLLL
645,2026/09/10 15:04:23,0,+36.09,+158.25,+63.29,+0.02,+160.69,+63.65,+160.64,+36.65,+3.82,+8.70,LLLLLLLLLL,LLLLLLLLLL,LLLLLLLLLL
646,2026/09/10 15:04:24,0,+36.25,+157.53,+64.08,+0.01,+163.75,+62.90,+160.08,+35.83,+3.89,+8.62,LLLLLLLLLL,LLLLLLLLLL,LLLLLLLLLL
647,2026/09/10 15:04:25,0,+36.79,+160.06,+63.20,+0.03,+160.41,+64.12,+159.29,+36.20,+3.87,+8.78,LLLLLLLLLL,LLLLLLLLLL,LLLLLLLLLL
648,2026/09/10 15:04:26,0,+36.66,+160.93,+63.44,+0.01,+163.14,+63.56,+164.52,+36.09,+3.89,+8.60,LLLLLLLLLL,LLLLLLLLLL,LLLLLLLLLL
649,2026/09/10 15:04:27,0,+28.42,+123.28,+48.03,+0.01,+126.64,+48.76,+123.04,+27.50,+3.05,+6.72,LLLLLLLLLL,LLLLLLLLLL,LLLLLLLLLL
650,2026/09/10 15:04:28,0,+28.21,+122.44,+49.14,+0.03,+125.12,+49.34,+125.01,+27.71,+3.06,+6.63,LLLLLLLLLL,LLLLLLLLLL,LLLLLLLLLL
651,2026/09/10 15:04:29,0,+49.95,+122.80,+48.84,+0.02,+125.40,+49.15,+124.11,+27.81,+2.96,+6.54,LLLLLLLLLL,LLLLLLLLLL,LLLLLLLLLL
652,2026/09/10 15:04:30,0,+49.46,+122.65,+48.45,+0.02,+126.96,+49.02,+123.91,+27.89,+2.96,+6.66,LLLLLLLLLL,LLLLLLLLLL,LLLLLLLLLL
653,2026/09/10 15:04:31,0,+28.28,+124.61,+50.22,-0.00,+123.56,+47.90,+124.39,+27.68,+3.00,+6.72,LLLLLLLLLL,LLLLLLLLLL,LLLLLLLLLL
654,2026/09/10 15:04:32,0,+27.60,+122.25,+49.17,+0.03,+125.17,+48.84,+124.16,+28.07,+3.02,+6.65,LLLLLLLLLL,LLLLLLLLLL,LLLLLLLLLL
655,2026/09/10 15:04:33,0,+28.49,+123.76,+49.74,+0.01,+124.60,+48.72,+121.53,+27.66,+3.03,+6.67,LLLLLLLLLL,LLLLLLLLLL,LLLLLLLLLL
656,2026/09/10 15:04:34,0,+28.13,+127.18,+49.14,+0.03,+125.28,+48.65,+124.26,+27.49,+3.07,+6.70,LLLLLLLLLL,LLLLLLLLLL,LLLLLLLLLL
657,2026/09/10 15:04:35,0,+28.48,+123.03,+48.81,+0.02,+125.36,+49.02,+124.89,+28.36,+3.00,+6.72,LLLLLLLLLL,LLLLLLLLLL,LLLLLLLLLL
658,2026/09/10 15:04:36,0,+28.46,+120.82,+48.25,+0.03,+126.71,+48.32,+124.84,+27.82,+2.99,+6.60,LLLLLLLLLL,LLLLLLLLLL,LLLLLLLLLL
659,2026/09/10 15:04:37,0,+28.16,+125.79,+48.79,+0.02,+123.66,+49.12,+122.85,+27.54,+2.98,+6.79,LLLLLLLLLL,LLLLLLLLLL,LLLLLLLLLL
660,2026/09/10 15:04:38,0,+27.92,+121.42,+49.84,+0.02,+126.04,+48.60,+124.79,+28.20,+2.96,+6.62,LLLLLLLLLL,LLLLLLLLLL,LLLLLLLLLL
661,2026/09/10 15:04:39,0,+19.99,+87.33,+34.17,+0.01,+89.92,+34.41,+85.67,+18.99,+2.12,+4.70,LLLLLLLLLL,LLLLLLLLLL,LLLLLLLLLL
662,2026/09/10 15:04:40,0,+19.40,+87.02,+34.20,+0.01,+87.13,+33.32,+83.13,+19.55,+2.18,+4.78,LLLLLLLLLL,LLLLLLLLLL,LLLLLLLLLL
663,2026/09/10 15:04:41,0,+19.77,+85.51,+34.29,+0.03,+88.14,+34.16,+84.57,+18.97,+2.10,+4.60,LLLLLLLLLL,LLLLLLLLLL,LLLLLLLLLL
664,2026/09/10 15:04:42,0,+19.07,+84.75,+35.32,-0.00,+86.66,+33.06,+84.67,+18.83,+2.18,+4.70,LLLLLLLLLL,LLLLLLLLLL,LLLLLLLLLL
665,2026/09/10 15:04:43,0,+49.79,+87.87,+33.69,+0.00,+90.12,+34.72,+88.82,+19.29,+2.15,+4.62,LLLLLLLLLL,LLLLLLLLLL,LLLLLLLLLL
666,2026/09/10 15:04:44,0,+49.36,+85.68,+34.15,+0.01,+85.42,+34.18,+86.95,+19.06,+2.01,+4.58,LLLLLLLLLL,LLLLLLLLLL,LLLLLLLLLL
667,2026/09/10 15:04:45,0,+19.87,+84.31,+34.46,-0.01,+87.61,+33.89,+84.63,+20.02,+2.13,+4.77,LLLLLLLLLL,LLLLLLLLLL,LLLLLLLLLL
668,2026/09/10 15:04:46,0,+19.56,+87.14,+34.68,+0.01,+87.82,+34.30,+87.83,+19.30,+2.02,+4.67,LLLLLLLLLL,LLLLLLLLLL,LLLLLLLLLL
669,2026/09/10 15:04:47,0,+19.48,+86.57,+34.25,+0.01,+85.33,+34.01,+87.96,+19.34,+2.13,+4.65,LLLLLLLLLL,LLLLLLLLLL,LLLLLLLLLL
670,2026/09/10 15:04:48,0,+19.88,+83.79,+33.41,+0.02,+86.01,+33.48,+87.60,+19.44,+2.08,+4.64,LLLLLLLLLL,LLLLLLLLLL,LLLLLLLLLL
