Date/Heure;Température (°C);Humidité (%HR)
01/10/2026 09:00;25,0;45,0
01/10/2026 09:01;25,29;44,8
01/10/2026 09:02;25,54;44,4
01/10/2026 09:03;25,78;44,2
01/10/2026 09:04;25,99;43,7
01/10/2026 09:05;26,18;43,3
01/10/2026 09:06;26,35;43,2
01/10/2026 09:07;26,51;43,4
01/10/2026 09:08;26,65;43,2
01/10/2026 09:09;26,78;42,8
01/10/2026 09:10;26,9;43,0
01/10/2026 09:11;27,0;42,6
01/10/2026 09:12;27,1;42,4
01/10/2026 09:13;27,18;42,1
01/10/2026 09:14;27,26;42,3
01/10/2026 09:15;27,33;42,4
01/10/2026 09:16;27,39;42,4
01/10/2026 09:17;27,45;42,3
01/10/2026 09:18;27,5;42,1
01/10/2026 09:19;27,27;42,6
01/10/2026 09:20;27,05;42,3
01/10/2026 09:21;26,86;43,0
01/10/2026 09:22;26,68;43,0
01/10/2026 09:23;26,52;43,2
01/10/2026 09:24;26,66;42,7
01/10/2026 09:25;26,79;42,9
01/10/2026 09:26;26,9;42,9
01/10/2026 09:27;27,01;42,2
01/10/2026 09:28;27,1;42,6
01/10/2026 09:29;27,19;41,9
01/10/2026 09:30;27,26;42,0
01/10/2026 09:31;27,33;42,2
01/10/2026 09:32;27,4;42,4
01/10/2026 09:33;27,46;42,0
01/10/2026 09:34;27,51;42,1
01/10/2026 09:35;27,55;41,8
01/10/2026 09:36;27,6;41,8
01/10/2026 09:37;27,63;41,8
01/10/2026 09:38;27,67;42,1
01/10/2026 09:39;27,42;42,0
01/10/2026 09:40;27,19;42,2
01/10/2026 09:41;26,98;42,8
01/10/2026 09:42;26,79;42,8
01/10/2026 09:43;26,62;43,1
01/10/2026 09:44;26,75;43,0
01/10/2026 09:45;26,87;42,6
01/10/2026 09:46;26,98;42,2
01/10/2026 09:47;27,07;42,7
01/10/2026 09:48;27,16;42,4
01/10/2026 09:49;27,24;42,1
01/10/2026 09:50;27,31;42,4
01/10/2026 09:51;27,38;42,5
01/10/2026 09:52;27,44;42,3
01/10/2026 09:53;27,49;42,4
01/10/2026 09:54;27,54;41,7
01/10/2026 09:55;27,58;41,9
01/10/2026 09:56;27,62;41,9
01/10/2026 09:57;27,66;41,8
01/10/2026 09:58;27,69;41,7
01/10/2026 09:59;27,44;41,5
01/10/2026 10:00;27,2;42,7
01/10/2026 10:01;26,99;42,3
01/10/2026 10:02;26,8;43,0
01/10/2026 10:03;26,63;43,0
01/10/2026 10:04;26,76;42,9
01/10/2026 10:05;26,88;42,7
01/10/2026 10:06;26,99;42,7
01/10/2026 10:07;27,08;42,6
01/10/2026 10:08;27,17;42,6
01/10/2026 10:09;27,25;42,3
01/10/2026 10:10;27,32;42,0
01/10/2026 10:11;27,39;41,9
01/10/2026 10:12;27,44;42,3
01/10/2026 10:13;27,5;41,9
01/10/2026 10:14;27,54;41,7
01/10/2026 10:15;27,59;41,7
01/10/2026 10:16;27,63;41,8
01/10/2026 10:17;27,66;41,5
01/10/2026 10:18;27,69;41,8
01/10/2026 10:19;27,44;42,3
01/10/2026 10:20;27,21;42,3
01/10/2026 10:21;27,0;42,3
01/10/2026 10:22;26,81;43,0
01/10/2026 10:23;26,63;43,3
01/10/2026 10:24;26,76;43,1
01/10/2026 10:25;26,88;42,8
01/10/2026 10:26;26,99;43,1
01/10/2026 10:27;27,08;42,6
01/10/2026 10:28;27,17;43,0
01/10/2026 10:29;27,25;42,6
01/10/2026 10:30;27,32;42,5
01/10/2026 10:31;27,39;42,0
01/10/2026 10:32;27,44;41,9
01/10/2026 10:33;27,5;42,0
01/10/2026 10:34;27,55;41,9
01/10/2026 10:35;27,59;41,8
01/10/2026 10:36;27,63;41,8
01/10/2026 10:37;27,66;41,8
01/10/2026 10:38;27,7;41,6
01/10/2026 10:39;27,44;42,2
01/10/2026 10:40;27,21;42,2
01/10/2026 10:41;27,0;42,6
01/10/2026 10:42;26,81;42,6
01/10/2026 10:43;26,63;43,1
01/10/2026 10:44;26,76;42,9
01/10/2026 10:45;26,88;42,5
01/10/2026 10:46;26,99;42,6
01/10/2026 10:47;27,08;42,5
01/10/2026 10:48;27,17;42,3
01/10/2026 10:49;27,25;42,2
01/10/2026 10:50;27,32;42,3
01/10/2026 10:51;27,39;42,1
01/10/2026 10:52;27,44;42,3
01/10/2026 10:53;27,5;41,8
01/10/2026 10:54;27,55;41,9
01/10/2026 10:55;27,59;41,8
01/10/2026 10:56;27,63;41,9
01/10/2026 10:57;27,66;41,9
01/10/2026 10:58;27,7;41,5
01/10/2026 10:59;27,44;42,2
