Instrument	nanodac
Serial Number	21345678
Software Version	6.02
Group Title	Enceinte climatique CL-04
Recording Interval	10 s

Date/Time	T enceinte	HR enceinte	Consigne T	Messages
	degC	%RH	degC	
46296,37500000	25,02	45,0	25,0	D?marrage enregistrement
46296,37511574	25,09	44,8	25,0	
46296,37523148	25,23	44,8	25,0	
46296,37534722	25,21	44,8	25,0	
46296,37546296	25,42	44,5	25,0	
46296,37557870	25,44	44,5	25,0	
46296,37569444	25,56	44,6	25,0	
46296,37581019	25,62	44,1	25,0	
46296,37592593	25,77	44,0	25,0	
46296,37604167	25,80	44,0	25,0	
46296,37615741	25,87	44,1	25,0	
46296,37627315	26,00	43,7	25,0	
46296,37638889	26,06	43,6	25,0	
46296,37650463	26,10	43,7	25,0	
46296,37662037	26,15	43,6	25,0	
46296,37673611	26,22	43,7	25,0	
46296,37685185	26,36	43,3	25,0	
46296,37696759	26,40	43,2	25,0	
46296,37708333	26,45	43,1	25,0	
46296,37719907	26,53	43,1	25,0	
46296,37731481	26,52	43,6	25,0	
46296,37743056	26,62	43,1	25,0	
46296,37754630	26,68	43,1	25,0	
46296,37766204	26,78	42,9	25,0	
46296,37777778	26,76	42,9	25,0	
46296,37789352	26,89	42,8	25,0	
46296,37800926	26,97	42,7	25,0	
46296,37812500	26,91	42,8	25,0	
46296,37824074	27,01	42,6	25,0	
46296,37835648	27,08	42,5	25,0	
46296,37847222	27,14	42,5	25,0	
46296,37858796	27,09	42,5	25,0	
46296,37870370	27,21	42,7	25,0	
46296,37881944	27,24	42,5	25,0	
46296,37893519	27,28	42,2	25,0	
46296,37905093	27,39	42,0	25,0	
46296,37916667	27,37	42,1	25,0	
46296,37928241	27,43	41,9	25,0	
46296,37939815	27,45	42,0	25,0	
46296,37951389	27,50	41,9	25,0	
46296,37962963	27,55	41,9	25,0	
46296,37974537	27,59	41,8	25,0	
46296,37986111	27,58	41,9	25,0	
46296,37997685	27,64	41,8	25,0	
46296,38009259	27,67	41,7	25,0	
46296,38020833	27,65	42,0	25,0	
46296,38032407	27,70	41,8	25,0	
46296,38043981	27,79	41,6	25,0	
46296,38055556	27,78	41,5	25,0	
46296,38067130	27,90	41,3	25,0	
46296,38078704	27,88	41,3	25,0	
46296,38090278	27,90	41,7	25,0	
46296,38101852	27,96	41,6	25,0	
46296,38113426	27,96	41,4	25,0	
46296,38125000	27,97	41,6	25,0	
46296,38136574	27,95	41,6	25,0	
46296,38148148	28,03	41,4	25,0	
46296,38159722	28,08	41,4	25,0	
46296,38171296	28,04	41,4	25,0	
46296,38182870	28,03	41,4	25,0	
46296,38194444	28,08	41,3	25,0	
46296,38206019	28,18	41,2	25,0	
46296,38217593	28,15	41,0	25,0	
46296,38229167	28,22	41,0	25,0	
46296,38240741	28,19	41,4	25,0	
46296,38252315	28,20	41,0	25,0	
46296,38263889	28,30	40,8	25,0	
46296,38275463	28,24	41,2	25,0	
46296,38287037	28,26	41,1	25,0	
46296,38298611	28,30	41,1	25,0	
46296,38310185	28,30	41,0	25,0	
46296,38321759	28,35	41,1	25,0	
46296,38333333	28,35	41,2	25,0	
46296,38344907	28,37	40,9	25,0	
46296,38356481	28,35	41,1	25,0	
46296,38368056	28,34	41,2	25,0	
46296,38379630	28,38	40,9	25,0	
46296,38391204	28,39	41,2	25,0	
46296,38402778	28,44	41,0	25,0	
46296,38414352	28,42	40,7	25,0	
46296,38425926	28,41	41,1	25,0	
46296,38437500	28,44	40,7	25,0	
46296,38449074	28,50	40,7	25,0	
46296,38460648	28,52	40,9	25,0	
46296,38472222	28,49	41,0	25,0	
46296,38483796	28,51	40,8	25,0	
46296,38495370	28,55	40,6	25,0	
46296,38506944	28,55	40,7	25,0	
46296,38518519	28,59	40,6	25,0	
46296,38530093	28,56	40,9	25,0	
46296,38541667	28,55	40,7	25,0	
46296,38553241	28,62	40,6	25,0	
46296,38564815	28,59	40,5	25,0	
46296,38576389	28,59	40,6	25,0	
46296,38587963	28,65	40,6	25,0	
46296,38599537	28,67	40,4	25,0	
46296,38611111	28,64	40,4	25,0	
46296,38622685	28,62	40,8	25,0	
46296,38634259	28,70	40,4	25,0	
46296,38645833	28,67	40,4	25,0	
46296,38657407	28,68	40,8	25,0	
46296,38668981	28,67	40,7	25,0	
46296,38680556	28,72	40,7	25,0	
46296,38692130	28,66	40,7	25,0	
46296,38703704	28,67	40,8	25,0	
46296,38715278	28,77	40,6	25,0	
46296,38726852	28,69	40,5	25,0	
46296,38738426	28,75	40,3	25,0	
46296,38750000	28,77	40,3	25,0	
46296,38761574	28,74	40,5	25,0	
46296,38773148	28,72	40,4	25,0	
46296,38784722	28,77	40,4	25,0	
46296,38796296	28,80	40,4	25,0	
46296,38807870	28,77	40,7	25,0	
46296,38819444	28,65	40,4	25,0	
46296,38831019	28,59	40,7	25,0	
46296,38842593	28,45	40,7	25,0	
46296,38854167	28,38	40,9	25,0	
46296,38865741	28,31	41,2	25,0	
46296,38877315	28,24	41,0	25,0	
46296,38888889	28,12	41,2	25,0	
46296,38900463	28,09	41,3	25,0	
46296,38912037	28,02	41,5	25,0	
46296,38923611	27,92	41,4	25,0	
46296,38935185	27,79	41,8	25,0	
46296,38946759	27,79	41,6	25,0	
46296,38958333	27,77	41,7	25,0	
46296,38969907	27,67	41,8	25,0	
46296,38981481	27,59	42,0	25,0	
46296,38993056	27,51	42,3	25,0	
46296,39004630	27,48	42,0	25,0	
46296,39016204	27,41	42,1	25,0	
46296,39027778	27,36	42,1	25,0	
46296,39039352	27,25	42,2	25,0	
46296,39050926	27,23	42,2	25,0	
46296,39062500	27,16	42,4	25,0	
46296,39074074	27,13	42,3	25,0	
46296,39085648	27,01	42,5	25,0	
46296,39097222	27,00	42,1	25,0	
46296,39108796	26,98	42,8	25,0	
46296,39120370	26,94	42,9	25,0	
46296,39131944	26,87	42,9	25,0	
46296,39143519	26,76	42,8	25,0	
46296,39155093	26,80	42,7	25,0	
46296,39166667	26,88	42,5	25,0	
46296,39178241	26,86	42,9	25,0	
46296,39189815	26,93	42,9	25,0	
46296,39201389	27,01	42,6	25,0	
46296,39212963	27,06	42,7	25,0	
46296,39224537	27,12	42,5	25,0	
46296,39236111	27,16	42,3	25,0	
46296,39247685	27,13	42,6	25,0	
46296,39259259	27,21	42,5	25,0	
46296,39270833	27,29	42,1	25,0	
46296,39282407	27,31	42,4	25,0	
46296,39293981	27,36	42,1	25,0	
46296,39305556	27,39	42,1	25,0	
46296,39317130	27,42	42,2	25,0	
46296,39328704	27,47	42,1	25,0	
46296,39340278	27,48	42,2	25,0	
46296,39351852	27,53	41,8	25,0	
46296,39363426	27,58	42,0	25,0	
46296,39375000	27,62	41,7	25,0	
46296,39386574	27,67	41,8	25,0	
46296,39398148	27,68	41,8	25,0	
46296,39409722	27,77	41,8	25,0	
46296,39421296	27,79	41,7	25,0	
46296,39432870	27,77	41,6	25,0	
46296,39444444	27,82	41,8	25,0	
46296,39456019	27,88	41,5	25,0	
46296,39467593	27,85	41,5	25,0	
46296,39479167	27,87	41,3	25,0	
46296,39490741	27,96	41,4	25,0	
46296,39502315	27,97	41,3	25,0	
46296,39513889	28,01	41,4	25,0	
46296,39525463	28,01	41,4	25,0	
46296,39537037	28,02	41,2	25,0	
46296,39548611	28,01	41,3	25,0	
46296,39560185	28,08	41,1	25,0	
46296,39571759	28,13	41,2	25,0	
46296,39583333	28,16	41,1	25,0	
46296,39594907	28,17	41,5	25,0	
46296,39606481	28,19	41,4	25,0	
46296,39618056	28,25	41,3	25,0	
46296,39629630	28,16	41,0	25,0	
46296,39641204	28,23	41,1	25,0	
46296,39652778	28,21	41,0	25,0	
46296,39664352	28,31	41,3	25,0	
46296,39675926	28,26	41,2	25,0	
46296,39687500	28,33	40,9	25,0	
46296,39699074	28,30	41,1	25,0	
46296,39710648	28,34	40,8	25,0	
46296,39722222	28,34	41,0	25,0	
46296,39733796	28,36	40,9	25,0	
46296,39745370	28,39	41,0	25,0	
46296,39756944	28,42	41,0	25,0	
46296,39768519	28,41	40,9	25,0	
46296,39780093	28,45	40,8	25,0	
46296,39791667	28,47	40,4	25,0	
46296,39803241	28,44	41,1	25,0	
46296,39814815	28,52	40,7	25,0	
46296,39826389	28,50	40,8	25,0	
46296,39837963	28,48	41,2	25,0	
46296,39849537	28,52	40,6	25,0	
46296,39861111	28,55	40,7	25,0	
46296,39872685	28,55	40,8	25,0	
46296,39884259	28,55	40,9	25,0	
46296,39895833	28,45	40,9	25,0	
46296,39907407	28,53	40,9	25,0	
46296,39918981	28,59	40,6	25,0	
46296,39930556	28,55	40,8	25,0	
46296,39942130	28,61	40,7	25,0	
46296,39953704	28,63	40,6	25,0	
46296,39965278	28,61	40,7	25,0	
46296,39976852	28,57	40,6	25,0	
46296,39988426	28,61	40,6	25,0	
46296,40000000	28,66	40,4	25,0	
46296,40011574	28,69	40,5	25,0	
46296,40023148	28,60	40,9	25,0	
46296,40034722	28,67	40,7	25,0	
46296,40046296	28,63	40,7	25,0	
46296,40057870	28,69	40,3	25,0	
46296,40069444	28,69	40,6	25,0	
46296,40081019	28,77	40,5	25,0	
46296,40092593	28,69	40,7	25,0	
46296,40104167	28,75	40,7	25,0	
46296,40115741	28,75	40,4	25,0	
46296,40127315	28,72	40,5	25,0	
46296,40138889	28,74	40,7	25,0	
46296,40150463	28,74	40,4	25,0	
46296,40162037	28,73	40,5	25,0	
46296,40173611	28,73	40,2	25,0	
46296,40185185	28,75	40,5	25,0	
46296,40196759	28,73	40,7	25,0	
46296,40208333	28,66	40,7	25,0	
46296,40219907	28,58	40,8	25,0	
46296,40231481	28,50	40,9	25,0	
46296,40243056	28,42	41,1	25,0	
46296,40254630	28,32	41,0	25,0	
46296,40266204	28,22	41,3	25,0	
46296,40277778	28,17	41,5	25,0	
46296,40289352	28,11	41,3	25,0	
46296,40300926	27,99	41,2	25,0	
46296,40312500	27,90	41,4	25,0	
46296,40324074	27,85	41,7	25,0	
46296,40335648	27,78	41,4	25,0	
46296,40347222	27,76	41,6	25,0	
46296,40358796	27,67	41,7	25,0	
46296,40370370	27,59	41,9	25,0	
46296,40381944	27,58	42,2	25,0	
46296,40393519	27,46	42,2	25,0	
46296,40405093	27,44	41,9	25,0	
46296,40416667	27,38	42,7	25,0	
46296,40428241	27,32	42,2	25,0	
46296,40439815	27,24	42,1	25,0	
46296,40451389	27,18	42,2	25,0	
46296,40462963	27,12	42,3	25,0	
46296,40474537	27,09	42,3	25,0	
46296,40486111	26,99	42,7	25,0	
46296,40497685	26,96	42,3	25,0	
46296,40509259	26,97	42,8	25,0	
46296,40520833	26,89	42,9	25,0	
46296,40532407	26,85	42,7	25,0	
46296,40543981	26,74	43,0	25,0	
46296,40555556	26,82	42,7	25,0	
46296,40567130	26,90	42,6	25,0	
46296,40578704	26,94	42,8	25,0	
46296,40590278	26,95	42,6	25,0	
46296,40601852	27,06	42,4	25,0	
46296,40613426	27,12	42,4	25,0	
46296,40625000	27,13	42,6	25,0	
46296,40636574	27,21	42,5	25,0	
46296,40648148	27,29	42,3	25,0	
46296,40659722	27,32	42,2	25,0	
46296,40671296	27,31	42,3	25,0	
46296,40682870	27,32	42,1	25,0	
46296,40694444	27,40	42,3	25,0	
46296,40706019	27,51	42,1	25,0	
46296,40717593	27,51	42,3	25,0	
46296,40729167	27,51	41,9	25,0	
46296,40740741	27,59	41,7	25,0	
46296,40752315	27,62	41,9	25,0	
46296,40763889	27,56	41,9	25,0	
46296,40775463	27,68	41,9	25,0	
46296,40787037	27,69	42,0	25,0	
46296,40798611	27,69	42,0	25,0	
46296,40810185	27,75	41,7	25,0	
46296,40821759	27,79	41,8	25,0	
46296,40833333	27,79	41,6	25,0	
46296,40844907	27,84	41,6	25,0	
46296,40856481	27,86	41,6	25,0	
46296,40868056	27,92	41,5	25,0	
46296,40879630	27,92	41,8	25,0	
46296,40891204	27,90	41,3	25,0	
46296,40902778	27,96	41,4	25,0	
46296,40914352	27,97	41,4	25,0	
46296,40925926	27,99	41,5	25,0	
46296,40937500	28,09	41,1	25,0	
46296,40949074	28,10	41,2	25,0	
46296,40960648	28,07	41,2	25,0	
46296,40972222	28,08	41,0	25,0	
46296,40983796	28,14	41,4	25,0	
46296,40995370	28,12	41,0	25,0	
46296,41006944	28,18	40,9	25,0	
46296,41018519	28,21	41,3	25,0	
46296,41030093	28,23	41,1	25,0	
46296,41041667	28,25	41,1	25,0	
46296,41053241	28,24	41,1	25,0	
46296,41064815	28,28	41,2	25,0	
46296,41076389	28,34	40,9	25,0	
46296,41087963	28,25	41,2	25,0	
46296,41099537	28,34	40,8	25,0	
46296,41111111	28,31	41,1	25,0	
46296,41122685	28,41	41,0	25,0	
46296,41134259	28,40	41,1	25,0	
46296,41145833	28,42	40,7	25,0	
46296,41157407	28,38	40,9	25,0	
46296,41168981	28,43	41,1	25,0	
46296,41180556	28,45	41,0	25,0	
46296,41192130	28,38	40,9	25,0	
46296,41203704	28,47	40,8	25,0	
46296,41215278	28,50	40,8	25,0	
46296,41226852	28,45	40,8	25,0	
46296,41238426	28,52	40,9	25,0	
46296,41250000	28,52	40,9	25,0	
46296,41261574	28,57	40,5	25,0	
46296,41273148	28,53	40,7	25,0	
46296,41284722	28,56	40,7	25,0	
46296,41296296	28,57	40,7	25,0	
46296,41307870	28,49	40,9	25,0	
46296,41319444	28,57	40,7	25,0	
46296,41331019	28,60	40,6	25,0	
46296,41342593	28,53	41,0	25,0	
46296,41354167	28,63	40,6	25,0	
46296,41365741	28,63	40,9	25,0	
46296,41377315	28,64	40,9	25,0	
46296,41388889	28,66	40,4	25,0	
46296,41400463	28,64	40,6	25,0	
46296,41412037	28,66	40,5	25,0	
46296,41423611	28,69	40,6	25,0	
46296,41435185	28,68	40,7	25,0	
46296,41446759	28,63	40,7	25,0	
46296,41458333	28,69	40,5	25,0	
46296,41469907	28,70	40,8	25,0	
46296,41481481	28,73	40,5	25,0	
46296,41493056	28,70	40,7	25,0	
46296,41504630	28,69	40,6	25,0	
46296,41516204	28,70	40,6	25,0	
46296,41527778	28,78	40,6	25,0	
46296,41539352	28,75	40,7	25,0	
46296,41550926	28,79	40,5	25,0	
46296,41562500	28,80	40,4	25,0	
46296,41574074	28,74	40,7	25,0	
46296,41585648	28,74	40,6	25,0	
46296,41597222	28,67	40,6	25,0	
46296,41608796	28,60	40,8	25,0	
46296,41620370	28,45	40,9	25,0	
46296,41631944	28,42	41,3	25,0	
46296,41643519	28,34	41,0	25,0	
46296,41655093	28,21	41,3	25,0	
46296,41666667	28,13	41,3	25,0	Alarme 1 Voie 1 active
46296,41678241	28,10	41,3	25,0	
46296,41689815	28,07	41,3	25,0	
46296,41701389	27,92	41,4	25,0	
46296,41712963	27,87	41,6	25,0	
46296,41724537	27,77	41,5	25,0	
46296,41736111	27,73	41,6	25,0	
46296,41747685	27,64	41,8	25,0	
46296,41759259	27,58	42,1	25,0	
46296,41770833	27,60	41,9	25,0	
46296,41782407	27,47	42,1	25,0	
46296,41793981	27,35	42,0	25,0	
46296,41805556	27,36	42,4	25,0	
46296,41817130	27,32	42,4	25,0	
46296,41828704	27,25	42,5	25,0	
46296,41840278	27,17	42,2	25,0	
46296,41851852	27,09	42,5	25,0	
46296,41863426	27,04	42,4	25,0	
46296,41875000	27,01	42,7	25,0	
46296,41886574	26,95	42,7	25,0	
46296,41898148	26,90	42,8	25,0	
46296,41909722	26,91	42,6	25,0	
46296,41921296	26,85	42,6	25,0	
46296,41932870	26,82	42,7	25,0	
46296,41944444	26,81	42,9	25,0	
46296,41956019	26,86	42,7	25,0	
46296,41967593	26,94	42,7	25,0	
46296,41979167	27,00	42,4	25,0	
46296,41990741	27,04	42,5	25,0	
46296,42002315	27,10	42,7	25,0	
46296,42013889	27,18	42,4	25,0	
46296,42025463	27,17	42,4	25,0	
46296,42037037	27,25	42,4	25,0	
46296,42048611	27,29	42,2	25,0	
46296,42060185	27,32	42,5	25,0	
46296,42071759	27,38	42,2	25,0	
46296,42083333	27,37	42,2	25,0	
46296,42094907	27,41	42,2	25,0	
46296,42106481	27,49	42,2	25,0	
46296,42118056	27,46	41,9	25,0	
46296,42129630	27,56	41,9	25,0	Alarme 1 Voie 1 inactive
46296,42141204	27,55	42,3	25,0	
46296,42152778	27,66	42,1	25,0	
46296,42164352	27,64	41,8	25,0	
46296,42175926	27,73	41,8	25,0	
46296,42187500	27,71	41,7	25,0	
46296,42199074	27,74	41,8	25,0	
46296,42210648	27,81	41,6	25,0	
46296,42222222	27,82	41,5	25,0	
46296,42233796	27,84	41,5	25,0	
46296,42245370	27,86	41,8	25,0	
46296,42256944	27,89	41,5	25,0	
46296,42268519	27,99	41,6	25,0	
46296,42280093	27,90	41,5	25,0	
46296,42291667	27,94	41,4	25,0	
46296,42303241	28,04	41,4	25,0	
46296,42314815	28,06	41,1	25,0	
46296,42326389	28,02	41,5	25,0	
46296,42337963	28,02	41,4	25,0	
46296,42349537	28,14	41,2	25,0	
46296,42361111	28,09	41,2	25,0	
46296,42372685	28,13	41,5	25,0	
46296,42384259	28,17	41,2	25,0	
46296,42395833	28,15	41,2	25,0	
46296,42407407	28,23	41,3	25,0	
46296,42418981	28,22	41,0	25,0	
46296,42430556	28,22	41,3	25,0	
46296,42442130	28,24	41,1	25,0	
46296,42453704	28,32	40,8	25,0	
46296,42465278	28,29	41,0	25,0	
46296,42476852	28,33	40,8	25,0	
46296,42488426	28,33	41,0	25,0	
46296,42500000	28,29	40,9	25,0	
46296,42511574	28,39	40,8	25,0	
46296,42523148	28,41	40,9	25,0	
46296,42534722	28,45	40,9	25,0	
46296,42546296	28,35	41,2	25,0	
46296,42557870	28,33	41,2	25,0	
46296,42569444	28,46	40,9	25,0	
46296,42581019	28,43	41,0	25,0	
46296,42592593	28,42	40,7	25,0	
46296,42604167	28,48	40,9	25,0	
46296,42615741	28,48	40,9	25,0	
46296,42627315	28,47	41,0	25,0	
46296,42638889	28,51	40,7	25,0	
46296,42650463	28,55	40,7	25,0	
46296,42662037	28,55	40,7	25,0	
46296,42673611	28,56	40,9	25,0	
46296,42685185	28,58	40,8	25,0	
46296,42696759	28,52	40,5	25,0	
46296,42708333	28,58	40,8	25,0	
46296,42719907	28,60	40,6	25,0	
46296,42731481	28,59	40,9	25,0	
46296,42743056	28,59	40,8	25,0	
46296,42754630	28,60	40,9	25,0	
46296,42766204	28,62	40,8	25,0	
46296,42777778	28,67	40,7	25,0	
46296,42789352	28,70	40,7	25,0	
46296,42800926	28,70	40,7	25,0	
46296,42812500	28,62	40,6	25,0	
46296,42824074	28,65	40,5	25,0	
46296,42835648	28,70	40,4	25,0	
46296,42847222	28,73	40,6	25,0	
46296,42858796	28,67	40,3	25,0	
46296,42870370	28,71	40,5	25,0	
46296,42881944	28,68	40,5	25,0	
46296,42893519	28,73	40,7	25,0	
46296,42905093	28,71	40,5	25,0	
46296,42916667	28,74	40,5	25,0	
46296,42928241	28,70	40,8	25,0	
46296,42939815	28,70	40,5	25,0	
46296,42951389	28,85	40,3	25,0	
46296,42962963	28,76	40,4	25,0	
46296,42974537	28,83	40,4	25,0	
46296,42986111	28,72	40,5	25,0	
46296,42997685	28,53	40,7	25,0	
46296,43009259	28,50	41,0	25,0	
46296,43020833	28,37	41,0	25,0	
46296,43032407	28,31	41,0	25,0	
46296,43043981	28,18	41,0	25,0	
46296,43055556	28,11	41,3	25,0	
46296,43067130	28,06	41,2	25,0	
46296,43078704	27,99	41,4	25,0	
46296,43090278	27,93	41,4	25,0	
46296,43101852	27,83	41,6	25,0	
46296,43113426	27,79	41,5	25,0	
46296,43125000	27,76	41,8	25,0	
46296,43136574	27,66	41,7	25,0	
46296,43148148	27,59	42,0	25,0	
46296,43159722	27,53	42,0	25,0	
46296,43171296	27,42	42,1	25,0	
46296,43182870	27,43	42,2	25,0	
46296,43194444	27,31	42,5	25,0	
46296,43206019	27,33	42,4	25,0	
46296,43217593	27,25	42,1	25,0	
46296,43229167	27,19	42,3	25,0	
46296,43240741	27,14	42,4	25,0	
46296,43252315	27,07	42,6	25,0	
46296,43263889	26,99	42,5	25,0	
46296,43275463	26,94	42,6	25,0	
46296,43287037	26,97	42,5	25,0	
46296,43298611	26,87	42,8	25,0	
46296,43310185	26,79	42,9	25,0	
46296,43321759	26,79	42,7	25,0	
46296,43333333	26,84	42,7	25,0	
46296,43344907	26,88	42,5	25,0	
46296,43356481	26,91	42,3	25,0	
46296,43368056	27,01	42,7	25,0	
46296,43379630	27,07	42,6	25,0	
46296,43391204	27,10	42,5	25,0	
46296,43402778	27,14	42,7	25,0	
46296,43414352	27,16	42,2	25,0	
46296,43425926	27,24	42,0	25,0	
46296,43437500	27,25	42,1	25,0	
46296,43449074	27,27	42,0	25,0	
46296,43460648	27,39	42,0	25,0	
46296,43472222	27,36	42,3	25,0	
46296,43483796	27,38	42,2	25,0	
46296,43495370	27,51	42,1	25,0	
46296,43506944	27,46	42,1	25,0	
46296,43518519	27,54	41,9	25,0	
46296,43530093	27,55	41,9	25,0	
46296,43541667	27,60	41,9	25,0	
46296,43553241	27,72	41,5	25,0	
46296,43564815	27,68	41,3	25,0	
46296,43576389	27,73	41,8	25,0	
46296,43587963	27,77	41,7	25,0	
46296,43599537	27,76	41,9	25,0	
46296,43611111	27,84	41,7	25,0	
46296,43622685	27,85	41,6	25,0	
46296,43634259	27,89	41,5	25,0	
46296,43645833	27,88	41,4	25,0	
46296,43657407	27,94	41,4	25,0	
46296,43668981	27,95	41,6	25,0	
46296,43680556	28,01	41,5	25,0	
46296,43692130	27,99	41,6	25,0	
46296,43703704	28,09	41,3	25,0	
46296,43715278	28,06	41,2	25,0	
46296,43726852	28,07	41,5	25,0	
46296,43738426	28,09	41,5	25,0	
46296,43750000	28,12	41,3	25,0	
46296,43761574	28,12	41,3	25,0	
46296,43773148	28,18	41,3	25,0	
46296,43784722	28,18	41,1	25,0	
46296,43796296	28,26	41,0	25,0	
46296,43807870	28,21	41,0	25,0	
46296,43819444	28,24	41,1	25,0	
46296,43831019	28,25	41,3	25,0	
46296,43842593	28,33	41,1	25,0	
46296,43854167	28,25	41,2	25,0	
46296,43865741	28,32	41,2	25,0	
46296,43877315	28,34	40,9	25,0	
46296,43888889	28,31	40,8	25,0	
46296,43900463	28,44	40,8	25,0	
46296,43912037	28,35	41,0	25,0	
46296,43923611	28,40	41,0	25,0	
46296,43935185	28,46	40,9	25,0	
46296,43946759	28,41	41,1	25,0	
46296,43958333	28,44	40,6	25,0	
46296,43969907	28,44	40,7	25,0	
46296,43981481	28,46	40,8	25,0	
46296,43993056	28,51	40,9	25,0	
46296,44004630	28,48	41,1	25,0	
46296,44016204	28,42	40,7	25,0	
46296,44027778	28,52	40,7	25,0	
46296,44039352	28,53	40,7	25,0	
46296,44050926	28,55	40,6	25,0	
46296,44062500	28,55	40,6	25,0	
46296,44074074	28,54	40,8	25,0	
46296,44085648	28,57	40,9	25,0	
46296,44097222	28,64	40,7	25,0	
46296,44108796	28,59	40,6	25,0	
46296,44120370	28,62	40,6	25,0	
46296,44131944	28,58	40,5	25,0	
46296,44143519	28,61	40,8	25,0	
46296,44155093	28,60	40,9	25,0	
46296,44166667	28,68	40,3	25,0	
46296,44178241	28,60	40,7	25,0	
46296,44189815	28,67	40,5	25,0	
46296,44201389	28,68	40,6	25,0	
46296,44212963	28,68	40,6	25,0	
46296,44224537	28,61	40,5	25,0	
46296,44236111	28,63	40,8	25,0	
46296,44247685	28,70	40,5	25,0	
46296,44259259	28,68	40,5	25,0	
46296,44270833	28,69	40,6	25,0	
46296,44282407	28,71	40,4	25,0	
46296,44293981	28,70	40,5	25,0	
46296,44305556	28,70	40,3	25,0	
46296,44317130	28,74	40,2	25,0	
46296,44328704	28,69	40,4	25,0	
46296,44340278	28,74	40,4	25,0	
46296,44351852	28,74	40,2	25,0	
46296,44363426	28,77	40,4	25,0	
46296,44375000	28,74	40,4	25,0	
46296,44386574	28,55	40,7	25,0	
46296,44398148	28,51	40,9	25,0	
46296,44409722	28,41	41,2	25,0	
46296,44421296	28,34	41,1	25,0	
46296,44432870	28,23	41,0	25,0	
46296,44444444	28,20	41,3	25,0	
46296,44456019	28,10	41,5	25,0	
46296,44467593	28,03	41,2	25,0	
46296,44479167	27,89	41,4	25,0	
46296,44490741	27,86	41,4	25,0	
46296,44502315	27,77	41,6	25,0	
46296,44513889	27,70	41,8	25,0	
46296,44525463	27,63	42,1	25,0	
46296,44537037	27,59	42,0	25,0	
46296,44548611	27,54	42,0	25,0	
46296,44560185	27,49	42,0	25,0	
46296,44571759	27,43	42,1	25,0	
46296,44583333	27,35	42,2	25,0	
46296,44594907	27,29	42,5	25,0	
46296,44606481	27,22	42,3	25,0	
46296,44618056	27,17	42,4	25,0	
46296,44629630	27,10	42,4	25,0	
46296,44641204	27,05	42,6	25,0	
46296,44652778	27,03	42,5	25,0	
46296,44664352	27,01	42,4	25,0	
46296,44675926	26,91	42,8	25,0	
46296,44687500	26,85	43,0	25,0	
46296,44699074	26,85	42,8	25,0	
46296,44710648	26,72	43,0	25,0	
46296,44722222	26,87	42,9	25,0	
46296,44733796	26,84	42,8	25,0	
46296,44745370	26,96	42,7	25,0	
46296,44756944	26,98	42,6	25,0	
46296,44768519	27,05	42,5	25,0	
46296,44780093	27,15	42,5	25,0	
46296,44791667	27,11	42,5	25,0	
46296,44803241	27,15	42,6	25,0	
46296,44814815	27,23	42,3	25,0	
46296,44826389	27,32	42,0	25,0	
46296,44837963	27,32	42,4	25,0	
46296,44849537	27,36	42,1	25,0	
46296,44861111	27,40	42,0	25,0	
46296,44872685	27,40	42,0	25,0	
46296,44884259	27,48	41,8	25,0	
46296,44895833	27,50	42,0	25,0	
46296,44907407	27,59	42,0	25,0	
46296,44918981	27,61	41,8	25,0	
46296,44930556	27,58	42,1	25,0	
46296,44942130	27,64	42,0	25,0	
46296,44953704	27,70	41,9	25,0	
46296,44965278	27,69	41,5	25,0	
46296,44976852	27,72	42,0	25,0	
46296,44988426	27,77	41,6	25,0	
46296,45000000	27,82	41,9	25,0	
46296,45011574	27,87	41,5	25,0	
46296,45023148	27,88	41,5	25,0	
46296,45034722	27,97	41,4	25,0	
46296,45046296	27,90	41,4	25,0	
46296,45057870	27,97	41,2	25,0	
46296,45069444	27,94	41,1	25,0	
46296,45081019	28,05	41,8	25,0	
46296,45092593	28,07	41,1	25,0	
46296,45104167	28,07	41,1	25,0	
46296,45115741	28,02	41,5	25,0	
46296,45127315	28,12	41,0	25,0	
46296,45138889	28,09	41,0	25,0	
46296,45150463	28,15	40,8	25,0	
46296,45162037	28,12	41,3	25,0	
46296,45173611	28,19	41,0	25,0	
46296,45185185	28,19	41,3	25,0	
46296,45196759	28,20	41,1	25,0	
46296,45208333	28,26	41,1	25,0	
46296,45219907	28,26	41,0	25,0	
46296,45231481	28,27	41,0	25,0	
46296,45243056	28,32	40,9	25,0	
46296,45254630	28,37	40,8	25,0	
46296,45266204	28,34	40,8	25,0	
46296,45277778	28,29	41,3	25,0	
46296,45289352	28,32	41,0	25,0	
46296,45300926	28,38	40,6	25,0	
46296,45312500	28,43	40,9	25,0	
46296,45324074	28,41	40,8	25,0	
46296,45335648	28,44	40,9	25,0	
46296,45347222	28,44	40,8	25,0	
46296,45358796	28,48	41,0	25,0	
46296,45370370	28,48	40,8	25,0	
46296,45381944	28,45	41,0	25,0	
46296,45393519	28,51	40,9	25,0	
46296,45405093	28,46	40,6	25,0	
46296,45416667	28,53	40,8	25,0	
46296,45428241	28,52	40,7	25,0	
46296,45439815	28,55	40,6	25,0	
46296,45451389	28,56	40,5	25,0	
46296,45462963	28,57	40,8	25,0	
46296,45474537	28,62	41,1	25,0	
46296,45486111	28,58	40,6	25,0	
46296,45497685	28,60	40,7	25,0	
46296,45509259	28,64	40,7	25,0	
46296,45520833	28,67	40,5	25,0	
46296,45532407	28,62	40,9	25,0	
46296,45543981	28,62	41,0	25,0	
46296,45555556	28,63	40,6	25,0	
46296,45567130	28,66	40,9	25,0	
46296,45578704	28,65	40,5	25,0	
46296,45590278	28,62	40,5	25,0	
46296,45601852	28,71	40,5	25,0	
46296,45613426	28,71	40,7	25,0	
46296,45625000	28,73	40,5	25,0	
46296,45636574	28,74	40,6	25,0	
46296,45648148	28,71	40,6	25,0	
46296,45659722	28,72	40,7	25,0	
46296,45671296	28,75	40,6	25,0	
46296,45682870	28,69	40,8	25,0	
46296,45694444	28,72	40,4	25,0	
46296,45706019	28,74	40,5	25,0	
46296,45717593	28,78	40,5	25,0	
46296,45729167	28,74	40,4	25,0	
46296,45740741	28,74	40,4	25,0	
46296,45752315	28,75	40,6	25,0	
46296,45763889	28,69	40,7	25,0	
46296,45775463	28,58	40,7	25,0	
46296,45787037	28,45	41,0	25,0	
46296,45798611	28,37	40,8	25,0	
46296,45810185	28,33	40,9	25,0	
46296,45821759	28,25	40,9	25,0	
